{
    "fit_success": true,
    "frequency_01": {
        "__dtype__": "UFloat",
        "nominal_value": 4214494179.5915203,
        "std_dev": 1524282.9854769628
    },
    "fit_msg": "Summary\nFrequency 0-1: 4.2145$\\pm$0.0015 GHz\nPeak width: 14.4$\\pm$4.1 MHz\n",
    "fit_result": {
        "Lorentzian_peak": {
            "success": true,
            "message": "Fit succeeded.",
            "params": {
                "x0": {
                    "name": "x0",
                    "user_data": null,
                    "init_value": 4291402197.2887664,
                    "min": -Infinity,
                    "max": Infinity,
                    "brute_step": null,
                    "stderr": 1524282.9854769628,
                    "correl": {
                        "width": -0.0024595199190368005,
                        "a": -0.0006246561603744371,
                        "c": 0.00017295361275436322
                    },
                    "value": 4214494179.5915203
                },
                "width": {
                    "name": "width",
                    "user_data": null,
                    "init_value": 40201512.61036511,
                    "min": -Infinity,
                    "max": Infinity,
                    "brute_step": null,
                    "stderr": 4053960.8785131383,
                    "correl": {
                        "x0": -0.0024595199190368005,
                        "a": 0.7481060132786796,
                        "c": -0.3482966959405895
                    },
                    "value": 14355309.84157157
                },
                "a": {
                    "name": "a",
                    "user_data": null,
                    "init_value": 211196.1785034095,
                    "min": -Infinity,
                    "max": Infinity,
                    "brute_step": null,
                    "stderr": 2889.7225514217807,
                    "correl": {
                        "x0": -0.0006246561603744371,
                        "width": 0.7481060132786796,
                        "c": -0.4756438098937625
                    },
                    "value": 13550.840091034006
                },
                "c": {
                    "name": "c",
                    "user_data": null,
                    "init_value": 0.0017438301299697303,
                    "min": -Infinity,
                    "max": Infinity,
                    "brute_step": null,
                    "stderr": 2.5285770564116634e-05,
                    "correl": {
                        "x0": 0.00017295361275436322,
                        "width": -0.3482966959405895,
                        "a": -0.4756438098937625
                    },
                    "value": 0.0016859134608014623
                }
            }
        }
    }
}