{
    "amplitude": {
        "__dtype__": "UFloat",
        "nominal_value": 329809.5650732383,
        "std_dev": 18144.88700259208
    },
    "frequency": {
        "__dtype__": "UFloat",
        "nominal_value": 9.314046490984618,
        "std_dev": 0.3044515051187211
    },
    "shift": {
        "__dtype__": "UFloat",
        "nominal_value": 1.027080561076529,
        "std_dev": 0.0543071097262088
    },
    "offset": {
        "__dtype__": "UFloat",
        "nominal_value": 6106820000.0,
        "std_dev": 47253.453724468316
    },
    "offset_0": {
        "__dtype__": "UFloat",
        "nominal_value": 0.05837589132120486,
        "std_dev": 0.006134960002110481
    },
    "freq_0": 6107149809.565073,
    "fit_success": true,
    "fit_msg": "Summary:\nf_0: 6.1071 GHz\noffset_0: 58.4$\\pm$6.1 mV\n",
    "fit_result": {
        "sin": {
            "success": true,
            "message": "Fit succeeded.",
            "params": {
                "amplitude": {
                    "name": "amplitude",
                    "user_data": null,
                    "init_value": 320641.5800236916,
                    "min": 0,
                    "max": Infinity,
                    "brute_step": null,
                    "stderr": 18144.88700259208,
                    "correl": {
                        "frequency": -0.15861318648872394,
                        "shift": 0.10685629517545434
                    },
                    "value": 329809.5650732383
                },
                "frequency": {
                    "name": "frequency",
                    "user_data": null,
                    "init_value": 10.053096491487338,
                    "min": 0,
                    "max": Infinity,
                    "brute_step": null,
                    "stderr": 0.3044515051187211,
                    "correl": {
                        "amplitude": -0.15861318648872394,
                        "shift": -0.2624897839438835
                    },
                    "value": 9.314046490984618
                },
                "shift": {
                    "name": "shift",
                    "user_data": null,
                    "init_value": 1.1423973285781066,
                    "min": -6.283195307179586,
                    "max": 6.283195307179586,
                    "brute_step": null,
                    "stderr": 0.0543071097262088,
                    "correl": {
                        "amplitude": 0.10685629517545434,
                        "frequency": -0.2624897839438835
                    },
                    "value": 1.027080561076529
                },
                "offset": {
                    "name": "offset",
                    "user_data": null,
                    "init_value": 6106820000.0,
                    "min": -Infinity,
                    "max": Infinity,
                    "brute_step": null,
                    "stderr": 47253.453724468316,
                    "correl": null,
                    "value": 6106820000.0
                }
            }
        }
    }
}