{
    "fit_success": true,
    "Qi": {
        "__dtype__": "UFloat",
        "nominal_value": 13358.40679761966,
        "std_dev": 119.59776496937255
    },
    "Qe": {
        "__dtype__": "UFloat",
        "nominal_value": 2440.4807303806137,
        "std_dev": 13.907294795822676
    },
    "Ql": {
        "__dtype__": "UFloat",
        "nominal_value": 2610.2796932088368,
        "std_dev": 15.776714624215527
    },
    "Qc": {
        "__dtype__": "UFloat",
        "nominal_value": 3244.209680320942,
        "std_dev": 24.56880848695931
    },
    "fr": {
        "__dtype__": "UFloat",
        "nominal_value": 5837606092.64912,
        "std_dev": 6761.34725397611
    },
    "fit_msg": "Summary\n$Q_I$: 13.36$\\pm$0.12 k\n$Q_C$: 3.244$\\pm$0.025 k\n$f_{res}$: 5.8376061$\\pm$6.8e-06 GHz",
    "fit_result": {
        "hanger_func_complex_SI": {
            "success": true,
            "message": "Fit succeeded.",
            "params": {
                "fr": {
                    "name": "fr",
                    "user_data": null,
                    "init_value": 5838418341.708543,
                    "min": 5836750000.0,
                    "max": 5840750000.0,
                    "brute_step": null,
                    "stderr": 6761.34725397611,
                    "correl": {
                        "Ql": 0.0003067088899138619,
                        "Qe": 0.4943522126025505,
                        "A": 0.26248587008359586,
                        "theta": -0.8416299035756222,
                        "phi_v": 0.3785333229295426,
                        "phi_0": -0.3787839702398695,
                        "alpha": 0.7377469397834555
                    },
                    "value": 5837606092.64912
                },
                "Ql": {
                    "name": "Ql",
                    "user_data": null,
                    "init_value": 6576.3229297640855,
                    "min": 145.96045854271358,
                    "max": 290461.31250844867,
                    "brute_step": null,
                    "stderr": 15.776714624215527,
                    "correl": {
                        "fr": 0.0003067088899138619,
                        "Qe": 0.8414696650876909,
                        "A": -0.9001700794239215,
                        "theta": 0.493568596566278,
                        "phi_v": 0.7393686876303672,
                        "phi_0": -0.7392841337850196,
                        "alpha": -0.38133432880492113
                    },
                    "value": 2610.2796932088368
                },
                "Qe": {
                    "name": "Qe",
                    "user_data": null,
                    "init_value": 6446.098713333114,
                    "min": 0,
                    "max": Infinity,
                    "brute_step": null,
                    "stderr": 13.907294795822676,
                    "correl": {
                        "fr": 0.4943522126025505,
                        "Ql": 0.8414696650876909,
                        "A": -0.6140381811017058,
                        "theta": -0.0005969388657095598,
                        "phi_v": 0.8745733698452687,
                        "phi_0": -0.8746269777337553,
                        "alpha": 0.096975288285192
                    },
                    "value": 2440.4807303806137
                },
                "A": {
                    "name": "A",
                    "user_data": null,
                    "init_value": 0.004658009173486715,
                    "min": 0,
                    "max": Infinity,
                    "brute_step": null,
                    "stderr": 3.3645077400311984e-05,
                    "correl": {
                        "fr": 0.26248587008359586,
                        "Ql": -0.9001700794239215,
                        "Qe": -0.6140381811017058,
                        "theta": -0.7131135943007333,
                        "phi_v": -0.607233286824204,
                        "phi_0": 0.6070824122303982,
                        "alpha": 0.6620739140731197
                    },
                    "value": 0.007986077570473427
                },
                "theta": {
                    "name": "theta",
                    "user_data": null,
                    "init_value": 0,
                    "min": -1.5707963267948966,
                    "max": 1.5707963267948966,
                    "brute_step": null,
                    "stderr": 0.005698675919834101,
                    "correl": {
                        "fr": -0.8416299035756222,
                        "Ql": 0.493568596566278,
                        "Qe": -0.0005969388657095598,
                        "A": -0.7131135943007333,
                        "phi_v": 0.10005161035677576,
                        "phi_0": -0.09979113116508896,
                        "alpha": -0.8750573501102638
                    },
                    "value": 0.719314747951664
                },
                "phi_v": {
                    "name": "phi_v",
                    "user_data": null,
                    "init_value": -1.6166415900506534e-07,
                    "min": -Infinity,
                    "max": Infinity,
                    "brute_step": null,
                    "stderr": 1.7880491602371142e-09,
                    "correl": {
                        "fr": 0.3785333229295426,
                        "Ql": 0.7393686876303672,
                        "Qe": 0.8745733698452687,
                        "A": -0.607233286824204,
                        "theta": 0.10005161035677576,
                        "phi_0": -0.999999957807353,
                        "alpha": -0.004187556139555685
                    },
                    "value": -7.682224979548021e-08
                },
                "phi_0": {
                    "name": "phi_0",
                    "user_data": null,
                    "init_value": 946.0250946755981,
                    "min": -Infinity,
                    "max": Infinity,
                    "brute_step": null,
                    "stderr": 10.440711712695872,
                    "correl": {
                        "fr": -0.3787839702398695,
                        "Ql": -0.7392841337850196,
                        "Qe": -0.8746269777337553,
                        "A": 0.6070824122303982,
                        "theta": -0.09979113116508896,
                        "phi_v": -0.999999957807353,
                        "alpha": 0.003958598764053858
                    },
                    "value": 451.58989715556595
                },
                "alpha": {
                    "name": "alpha",
                    "user_data": null,
                    "init_value": 0,
                    "min": -1,
                    "max": 1,
                    "brute_step": null,
                    "stderr": 12.18504130345961,
                    "correl": {
                        "fr": 0.7377469397834555,
                        "Ql": -0.38133432880492113,
                        "Qe": 0.096975288285192,
                        "A": 0.6620739140731197,
                        "theta": -0.8750573501102638,
                        "phi_v": -0.004187556139555685,
                        "phi_0": 0.003958598764053858
                    },
                    "value": 0.9990936537184503
                },
                "Qi": {
                    "name": "Qi",
                    "user_data": null,
                    "init_value": -325527.9850233236,
                    "min": -Infinity,
                    "max": Infinity,
                    "brute_step": null,
                    "stderr": 119.59776496937255,
                    "correl": null,
                    "value": 13358.40679761966
                },
                "Qc": {
                    "name": "Qc",
                    "user_data": null,
                    "init_value": 6446.098713333114,
                    "min": -Infinity,