{
    "fit_success": true,
    "frequency_01": {
        "__dtype__": "UFloat",
        "nominal_value": 4113154274.285156,
        "std_dev": 645319.4666630216
    },
    "fit_msg": "Summary\nFrequency 0-1: 4.11315$\\pm$0.00065 GHz\nPeak width: 10.1$\\pm$1.8 MHz\n",
    "fit_result": {
        "Lorentzian_peak": {
            "success": true,
            "message": "Fit succeeded.",
            "params": {
                "x0": {
                    "name": "x0",
                    "user_data": null,
                    "init_value": 4110822747.0623074,
                    "min": -Infinity,
                    "max": Infinity,
                    "brute_step": null,
                    "stderr": 645319.4666630216,
                    "correl": {
                        "width": 0.03247402344768563,
                        "a": 0.020301610009576337,
                        "c": -0.00865643761098537
                    },
                    "value": 4113154274.285156
                },
                "width": {
                    "name": "width",
                    "user_data": null,
                    "init_value": 40201512.61036511,
                    "min": -Infinity,
                    "max": Infinity,
                    "brute_step": null,
                    "stderr": 1815997.1498744467,
                    "correl": {
                        "x0": 0.03247402344768563,
                        "a": 0.7450379448941047,
                        "c": -0.3023763770250774
                    },
                    "value": 10111675.206550147
                },
                "a": {
                    "name": "a",
                    "user_data": null,
                    "init_value": 20165.47282667368,
                    "min": -Infinity,
                    "max": Infinity,
                    "brute_step": null,
                    "stderr": 232.45542872597088,
                    "correl": {
                        "x0": 0.020301610009576337,
                        "width": 0.7450379448941047,
                        "c": -0.4114347623875431
                    },
                    "value": 1803.8914903408431
                },
                "c": {
                    "name": "c",
                    "user_data": null,
                    "init_value": 0.0005796727752891192,
                    "min": -Infinity,
                    "max": Infinity,
                    "brute_step": null,
                    "stderr": 2.3928056830642934e-06,
                    "correl": {
                        "x0": -0.00865643761098537,
                        "width": -0.3023763770250774,
                        "a": -0.4114347623875431
                    },
                    "value": 0.0005719036570158376
                }
            }
        }
    }
}