{
    "amplitude": {
        "__dtype__": "UFloat",
        "nominal_value": 438515.7059856014,
        "std_dev": 13681.802047970883
    },
    "frequency": {
        "__dtype__": "UFloat",
        "nominal_value": 10.516702496983353,
        "std_dev": 0.17145363585715434
    },
    "shift": {
        "__dtype__": "UFloat",
        "nominal_value": 0.6640075980808682,
        "std_dev": 0.03166243514408825
    },
    "offset": {
        "__dtype__": "UFloat",
        "nominal_value": 6008086666.666666,
        "std_dev": 62339.57188030564
    },
    "offset_0": {
        "__dtype__": "UFloat",
        "nominal_value": 0.0862236741007112,
        "std_dev": 0.003322679773152344
    },
    "freq_0": 6008525182.372652,
    "fit_success": true,
    "fit_msg": "Summary:\nf_0: 6.0085 GHz\noffset_0: 86.2$\\pm$3.3 mV\n",
    "fit_result": {
        "sin": {
            "success": true,
            "message": "Fit succeeded.",
            "params": {
                "amplitude": {
                    "name": "amplitude",
                    "user_data": null,
                    "init_value": 434783.2754124411,
                    "min": 0,
                    "max": Infinity,
                    "brute_step": null,
                    "stderr": 13681.802047970883,
                    "correl": {
                        "frequency": 0.06897552934000076,
                        "shift": -0.05741702459959029
                    },
                    "value": 438515.7059856014
                },
                "frequency": {
                    "name": "frequency",
                    "user_data": null,
                    "init_value": 10.053096491487338,
                    "min": 0,
                    "max": Infinity,
                    "brute_step": null,
                    "stderr": 0.17145363585715434,
                    "correl": {
                        "amplitude": 0.06897552934000076,
                        "shift": -0.23198039247571253
                    },
                    "value": 10.516702496983353
                },
                "shift": {
                    "name": "shift",
                    "user_data": null,
                    "init_value": 0.5711986642890533,
                    "min": -6.283195307179586,
                    "max": 6.283195307179586,
                    "brute_step": null,
                    "stderr": 0.03166243514408825,
                    "correl": {
                        "amplitude": -0.05741702459959029,
                        "frequency": -0.23198039247571253
                    },
                    "value": 0.6640075980808682
                },
                "offset": {
                    "name": "offset",
                    "user_data": null,
                    "init_value": 6008086666.666666,
                    "min": -Infinity,
                    "max": Infinity,
                    "brute_step": null,
                    "stderr": 62339.57188030564,
                    "correl": null,
                    "value": 6008086666.666666
                }
            }
        }
    }
}