{
    "fit_success": true,
    "T1": {
        "__dtype__": "UFloat",
        "nominal_value": 9.895948616556183e-06,
        "std_dev": 4.775076213775934e-07
    },
    "fit_msg": "Summary\n$T1$: 9.90$\\pm$0.48 \u03bcs\namplitude: 365.3$\\pm$8.1 \u03bcV\noffset: 586.1$\\pm$3.6 \u03bcV",
    "fit_result": {
        "exp_decay_func": {
            "success": true,
            "message": "Fit succeeded.",
            "params": {
                "tau": {
                    "name": "tau",
                    "user_data": null,
                    "init_value": 2.524e-05,
                    "min": 0,
                    "max": Infinity,
                    "brute_step": null,
                    "stderr": 4.775076213775934e-07,
                    "correl": {
                        "amplitude": -0.37755249651651823,
                        "offset": -0.7420147665470874
                    },
                    "value": 9.895948616556183e-06
                },
                "amplitude": {
                    "name": "amplitude",
                    "user_data": null,
                    "init_value": 0.00036566304409497345,
                    "min": -Infinity,
                    "max": Infinity,
                    "brute_step": null,
                    "stderr": 8.0973543426621e-06,
                    "correl": {
                        "tau": -0.37755249651651823,
                        "offset": -0.10372813143828807
                    },
                    "value": 0.00036534033806631607
                },
                "offset": {
                    "name": "offset",
                    "user_data": null,
                    "init_value": 0.0005979286553594003,
                    "min": -Infinity,
                    "max": Infinity,
                    "brute_step": null,
                    "stderr": 3.6037615553931128e-06,
                    "correl": {
                        "tau": -0.7420147665470874,
                        "amplitude": -0.10372813143828807
                    },
                    "value": 0.0005860523524960987
                },
                "n_factor": {
                    "name": "n_factor",
                    "user_data": null,
                    "init_value": 1,
                    "min": -Infinity,
                    "max": Infinity,
                    "brute_step": null,
                    "stderr": 0.0,
                    "correl": null,
                    "value": 1
                }
            }
        }
    }
}