{
    "fit_success": true,
    "Qi": {
        "__dtype__": "UFloat",
        "nominal_value": 18519.079340056458,
        "std_dev": 1124.5021252778079
    },
    "Qe": {
        "__dtype__": "UFloat",
        "nominal_value": 3465.0370343265895,
        "std_dev": 48.546167754706985
    },
    "Ql": {
        "__dtype__": "UFloat",
        "nominal_value": 2939.697177293783,
        "std_dev": 51.86892378829269
    },
    "Qc": {
        "__dtype__": "UFloat",
        "nominal_value": 3494.393082683692,
        "std_dev": 49.3706914583839
    },
    "fr": {
        "__dtype__": "UFloat",
        "nominal_value": 6008090732.65164,
        "std_dev": 18034.07097690116
    },
    "fit_msg": "Summary\n$Q_I$: 18.5$\\pm$1.1 k\n$Q_C$: 3.494$\\pm$0.049 k\n$f_{res}$: 6.008091$\\pm$1.8e-05 GHz",
    "fit_result": {
        "hanger_func_complex_SI": {
            "success": true,
            "message": "Fit succeeded.",
            "params": {
                "fr": {
                    "name": "fr",
                    "user_data": null,
                    "init_value": 6008201005.0251255,
                    "min": 6000000000.0,
                    "max": 6012000000.0,
                    "brute_step": null,
                    "stderr": 18034.07097690116,
                    "correl": {
                        "Ql": 0.0002495776779917932,
                        "Qe": -0.011764201086747122,
                        "A": -0.03228823049741177,
                        "theta": -0.8664549255894237,
                        "phi_v": -0.3754864827713663,
                        "phi_0": 0.37519543500749464,
                        "alpha": 0.3911545557610329
                    },
                    "value": 6008090732.65164
                },
                "Ql": {
                    "name": "Ql",
                    "user_data": null,
                    "init_value": 2255.854680904512,
                    "min": 50.06834170854272,
                    "max": 99636.00000132236,
                    "brute_step": null,
                    "stderr": 51.86892378829269,
                    "correl": {
                        "fr": 0.0002495776779917932,
                        "Qe": 0.8663967743355498,
                        "A": -0.6161903517149699,
                        "theta": -0.012293897146452775,
                        "phi_v": 0.3883531753844876,
                        "phi_0": -0.38852635451316275,
                        "alpha": 0.37288531990081547
                    },
                    "value": 2939.697177293783
                },
                "Qe": {
                    "name": "Qe",
                    "user_data": null,
                    "init_value": 2211.18429118363,
                    "min": 0,
                    "max": Infinity,
                    "brute_step": null,
                    "stderr": 48.546167754706985,
                    "correl": {
                        "fr": -0.011764201086747122,
                        "Ql": 0.8663967743355498,
                        "A": -0.5785894727065919,
                        "theta": -0.00027766877880034297,
                        "phi_v": 0.4911857253897848,
                        "phi_0": -0.49138802990336594,
                        "alpha": 0.3637934515220194
                    },
                    "value": 3465.0370343265895
                },
                "A": {
                    "name": "A",
                    "user_data": null,
                    "init_value": 0.00935185582175841,
                    "min": 0,
                    "max": Infinity,
                    "brute_step": null,
                    "stderr": 5.186472923520623e-05,
                    "correl": {
                        "fr": -0.03228823049741177,
                        "Ql": -0.6161903517149699,
                        "Qe": -0.5785894727065919,
                        "theta": 0.05935344820613807,
                        "phi_v": -0.2333586933309425,
                        "phi_0": 0.23348684931395733,
                        "alpha": -0.641199148046054
                    },
                    "value": 0.010864077031468966
                },
                "theta": {
                    "name": "theta",
                    "user_data": null,
                    "init_value": 0,
                    "min": -1.5707963267948966,
                    "max": 1.5707963267948966,
                    "brute_step": null,
                    "stderr": 0.014014100152058003,
                    "correl": {
                        "fr": -0.8664549255894237,
                        "Ql": -0.012293897146452775,
                        "Qe": -0.00027766877880034297,
                        "A": 0.05935344820613807,
                        "phi_v": 0.36702198121007884,
                        "phi_0": -0.36675319186011135,
                        "alpha": -0.4939825587135527
                    },
                    "value": 0.129712677679227
                },
                "phi_v": {
                    "name": "phi_v",
                    "user_data": null,
                    "init_value": -1.591733188142598e-07,
                    "min": -Infinity,
                    "max": Infinity,
                    "brute_step": null,
                    "stderr": 1.0526838668858863e-09,
                    "correl": {
                        "fr": -0.3754864827713663,
                        "Ql": 0.3883531753844876,
                        "Qe": 0.4911857253897848,
                        "A": -0.2333586933309425,
                        "theta": 0.36702198121007884,
                        "phi_0": -0.999999828679182,
                        "alpha": -0.006631732337265196
                    },
                    "value": -1.069396831380323e-07
                },
                "phi_0": {
                    "name": "phi_0",
                    "user_data": null,
                    "init_value": 951.915835690116,
                    "min": -Infinity,
                    "max": Infinity,
                    "brute_step": null,
                    "stderr": 6.321555342273655,
                    "correl": {
                        "fr": 0.37519543500749464,
                        "Ql": -0.38852635451316275,
                        "Qe": -0.49138802990336594,
                        "A": 0.23348684931395733,
                        "theta": -0.36675319186011135,
                        "phi_v": -0.999999828679182,
                        "alpha": 0.006434493260311107
                    },
                    "value": 638.6841355482459
                },
                "alpha": {
                    "name": "alpha",
                    "user_data": null,
                    "init_value": 0,
                    "min": -1,
                    "max": 1,
                    "brute_step": null,
                    "stderr": 7.422488528264349,
                    "correl": {
                        "fr": 0.3911545557610329,
                        "Ql": 0.37288531990081547,
                        "Qe": 0.3637934515220194,
                        "A": -0.641199148046054,
                        "theta": -0.4939825587135527,
                        "phi_v": -0.006631732337265196,
                        "phi_0": 0.006434493260311107
                    },
                    "value": -0.9998998278408342
                },
                "Qi": {
                    "name": "Qi",
                    "user_data": null,
                    "init_value": -111664.80670477267,
                    "min": -Infinity,
                    "max": Infinity,
                    "brute_step": null,
                    "stderr": 1124.5021252778079,
                    "correl": null,
                    "value": 18519.079340056458
                },
                "Qc": {
                    "name": "Qc",
                    "user_data": null,
                    "init_value": 2211.18429118363,