{
    "fit_success": true,
    "Qi": {
        "__dtype__": "UFloat",
        "nominal_value": 10287.749724375813,
        "std_dev": 200.48835335518748
    },
    "Qe": {
        "__dtype__": "UFloat",
        "nominal_value": 10071.23454397367,
        "std_dev": 114.87294959217813
    },
    "Ql": {
        "__dtype__": "UFloat",
        "nominal_value": 5499.520573443996,
        "std_dev": 76.77332685766572
    },
    "Qc": {
        "__dtype__": "UFloat",
        "nominal_value": 11815.994907561437,
        "std_dev": 158.10440745351244
    },
    "fr": {
        "__dtype__": "UFloat",
        "nominal_value": 5719765518.627899,
        "std_dev": 7259.371020989431
    },
    "fit_msg": "Summary\n$Q_I$: 10.29$\\pm$0.20 k\n$Q_C$: 11.82$\\pm$0.16 k\n$f_{res}$: 5.7197655$\\pm$7.3e-06 GHz",
    "fit_result": {
        "hanger_func_complex_SI": {
            "success": true,
            "message": "Fit succeeded.",
            "params": {
                "fr": {
                    "name": "fr",
                    "user_data": null,
                    "init_value": 5719973115.577889,
                    "min": 5715350000.0,
                    "max": 5725350000.0,
                    "brute_step": null,
                    "stderr": 7259.371020989431,
                    "correl": {
                        "Ql": 0.00018121656750957101,
                        "Qe": 0.042861875093232596,
                        "A": 0.2625448518222158,
                        "theta": -0.8181915227666717,
                        "phi_v": -0.14603344006113927,
                        "phi_0": 0.1458199866059283,
                        "alpha": 0.40026301255961877
                    },
                    "value": 5719765518.627899
                },
                "Ql": {
                    "name": "Ql",
                    "user_data": null,
                    "init_value": 2577.163070931575,
                    "min": 57.1997311557789,
                    "max": 113827.46500115067,
                    "brute_step": null,
                    "stderr": 76.77332685766572,
                    "correl": {
                        "fr": 0.00018121656750957101,
                        "Qe": 0.8182034157151875,
                        "A": -0.37934913181663676,
                        "theta": 0.04248216049966232,
                        "phi_v": 0.3996530192542062,
                        "phi_0": -0.3997516267738573,
                        "alpha": 0.1445844852942634
                    },
                    "value": 5499.520573443996
                },
                "Qe": {
                    "name": "Qe",
                    "user_data": null,
                    "init_value": 2526.13013883392,
                    "min": 0,
                    "max": Infinity,
                    "brute_step": null,
                    "stderr": 114.87294959217813,
                    "correl": {
                        "fr": 0.042861875093232596,
                        "Ql": 0.8182034157151875,
                        "A": -0.3625745648058892,
                        "theta": -0.00019756860555785813,
                        "phi_v": 0.5099554885296576,
                        "phi_0": -0.5100923608420297,
                        "alpha": 0.2358786677162473
                    },
                    "value": 10071.23454397367
                },
                "A": {
                    "name": "A",
                    "user_data": null,
                    "init_value": 0.0037602137745852754,
                    "min": 0,
                    "max": Infinity,
                    "brute_step": null,
                    "stderr": 6.148229206449277e-06,
                    "correl": {
                        "fr": 0.2625448518222158,
                        "Ql": -0.37934913181663676,
                        "Qe": -0.3625745648058892,
                        "theta": -0.35547872479583276,
                        "phi_v": -0.25488413994129644,
                        "phi_0": 0.25485906053453944,
                        "alpha": 0.18692278343191895
                    },
                    "value": 0.00400703613326292
                },
                "theta": {
                    "name": "theta",
                    "user_data": null,
                    "init_value": 0,
                    "min": -1.5707963267948966,
                    "max": 1.5707963267948966,
                    "brute_step": null,
                    "stderr": 0.011405015552434452,
                    "correl": {
                        "fr": -0.8181915227666717,
                        "Ql": 0.04248216049966232,
                        "Qe": -0.00019756860555785813,
                        "A": -0.35547872479583276,
                        "phi_v": 0.23778196247395414,
                        "phi_0": -0.23756756620038383,
                        "alpha": -0.5109443792724483
                    },
                    "value": 0.5503546323131738
                },
                "phi_v": {
                    "name": "phi_v",
                    "user_data": null,
                    "init_value": -1.1566725031971601e-07,
                    "min": -Infinity,
                    "max": Infinity,
                    "brute_step": null,
                    "stderr": 5.177958882144821e-10,
                    "correl": {
                        "fr": -0.14603344006113927,
                        "Ql": 0.3996530192542062,
                        "Qe": 0.5099554885296576,
                        "A": -0.25488413994129644,
                        "theta": 0.23778196247395414,
                        "phi_0": -0.9999998694762838,
                        "alpha": -0.004229458170924014
                    },
                    "value": -7.633633458431263e-08
                },
                "phi_0": {
                    "name": "phi_0",
                    "user_data": null,
                    "init_value": 659.812851326489,
                    "min": -Infinity,
                    "max": Infinity,
                    "brute_step": null,
                    "stderr": 2.961957928699996,
                    "correl": {
                        "fr": 0.1458199866059283,
                        "Ql": -0.3997516267738573,
                        "Qe": -0.5100923608420297,
                        "A": 0.25485906053453944,
                        "theta": -0.23756756620038383,
                        "phi_v": -0.9999998694762838,
                        "alpha": 0.0040899408600706625
                    },
                    "value": 435.08150439688177
                },
                "alpha": {
                    "name": "alpha",
                    "user_data": null,
                    "init_value": 0,
                    "min": -1,
                    "max": 1,
                    "brute_step": null,
                    "stderr": 3.033538824213769,
                    "correl": {
                        "fr": 0.40026301255961877,
                        "Ql": 0.1445844852942634,
                        "Qe": 0.2358786677162473,
                        "A": 0.18692278343191895,
                        "theta": -0.5109443792724483,
                        "phi_v": -0.004229458170924014,
                        "phi_0": 0.0040899408600706625
                    },
                    "value": 0.9999379995557183
                },
                "Qi": {
                    "name": "Qi",
                    "user_data": null,
                    "init_value": -127569.57201111216,
                    "min": -Infinity,
                    "max": Infinity,
                    "brute_step": null,
                    "stderr": 200.48835335518748,
                    "correl": null,
                    "value": 10287.749724375813
                },
                "Qc": {
                    "name": "Qc",
                    "user_data": null,
                    "init_value": 2526.13013883392,