{
    "fit_success": true,
    "T1": {
        "__dtype__": "UFloat",
        "nominal_value": 7.951577012388356e-06,
        "std_dev": 5.118573932235193e-07
    },
    "fit_msg": "Summary\n$T1$: 7.95$\\pm$0.51 \u03bcs\namplitude: 355$\\pm$12 \u03bcV\noffset: 583.8$\\pm$4.0 \u03bcV",
    "fit_result": {
        "exp_decay_func": {
            "success": true,
            "message": "Fit succeeded.",
            "params": {
                "tau": {
                    "name": "tau",
                    "user_data": null,
                    "init_value": 2.524e-05,
                    "min": 0,
                    "max": Infinity,
                    "brute_step": null,
                    "stderr": 5.118573932235193e-07,
                    "correl": {
                        "amplitude": -0.46322458341164713,
                        "offset": -0.6564257390862891
                    },
                    "value": 7.951577012388356e-06
                },
                "amplitude": {
                    "name": "amplitude",
                    "user_data": null,
                    "init_value": 0.00041845013557159595,
                    "min": -Infinity,
                    "max": Infinity,
                    "brute_step": null,
                    "stderr": 1.1698021462303637e-05,
                    "correl": {
                        "tau": -0.46322458341164713,
                        "offset": -0.06810151763020368
                    },
                    "value": 0.0003553783052626688
                },
                "offset": {
                    "name": "offset",
                    "user_data": null,
                    "init_value": 0.000548291030865903,
                    "min": -Infinity,
                    "max": Infinity,
                    "brute_step": null,
                    "stderr": 4.003522142840377e-06,
                    "correl": {
                        "tau": -0.6564257390862891,
                        "amplitude": -0.06810151763020368
                    },
                    "value": 0.0005837958422885241
                },
                "n_factor": {
                    "name": "n_factor",
                    "user_data": null,
                    "init_value": 1,
                    "min": -Infinity,
                    "max": Infinity,
                    "brute_step": null,
                    "stderr": 0.0,
                    "correl": null,
                    "value": 1
                }
            }
        }
    }
}