{
    "fit_success": true,
    "Qi": {
        "__dtype__": "UFloat",
        "nominal_value": 19752.33096351692,
        "std_dev": 133.13188812194946
    },
    "Qe": {
        "__dtype__": "UFloat",
        "nominal_value": 3055.8467126340447,
        "std_dev": 10.682502840474001
    },
    "Ql": {
        "__dtype__": "UFloat",
        "nominal_value": 2682.931530129834,
        "std_dev": 9.62284376242573
    },
    "Qc": {
        "__dtype__": "UFloat",
        "nominal_value": 3104.628943882163,
        "std_dev": 11.026156012441499
    },
    "fr": {
        "__dtype__": "UFloat",
        "nominal_value": 6008002964.898012,
        "std_dev": 4016.1901389800605
    },
    "fit_msg": "Summary\n$Q_I$: 19.75$\\pm$0.13 k\n$Q_C$: 3.105$\\pm$0.011 k\n$f_{res}$: 6.0080030$\\pm$4.0e-06 GHz",
    "fit_result": {
        "hanger_func_complex_SI": {
            "success": true,
            "message": "Fit succeeded.",
            "params": {
                "fr": {
                    "name": "fr",
                    "user_data": null,
                    "init_value": 6008148241.20603,
                    "min": 6006500000.0,
                    "max": 6010500000.0,
                    "brute_step": null,
                    "stderr": 4016.1901389800605,
                    "correl": {
                        "Ql": 9.360097416121026e-05,
                        "Qe": 0.13434767238335252,
                        "A": 0.14752805624361132,
                        "theta": -0.9655657258626507,
                        "phi_v": 0.2512228095718734,
                        "phi_0": -0.2514666278708672,
                        "alpha": -0.7676214740843795
                    },
                    "value": 6008002964.898012
                },
                "Ql": {
                    "name": "Ql",
                    "user_data": null,
                    "init_value": 6767.504610247303,
                    "min": 150.20370603015076,
                    "max": 298905.37500869425,
                    "brute_step": null,
                    "stderr": 9.62284376242573,
                    "correl": {
                        "fr": 9.360097416121026e-05,
                        "Qe": 0.9655646617934655,
                        "A": -0.9030834888398841,
                        "theta": 0.13418125548028653,
                        "phi_v": 0.7688228763412343,
                        "phi_0": -0.7687614363058851,
                        "alpha": 0.25473949559158343
                    },
                    "value": 2682.931530129834
                },
                "Qe": {
                    "name": "Qe",
                    "user_data": null,
                    "init_value": 6633.494617965179,
                    "min": 0,
                    "max": Infinity,
                    "brute_step": null,
                    "stderr": 10.682502840474001,
                    "correl": {
                        "fr": 0.13434767238335252,
                        "Ql": 0.9655646617934655,
                        "A": -0.8630075034826279,
                        "theta": -7.379847620833958e-05,
                        "phi_v": 0.8609518707507815,
                        "phi_0": -0.8609220429360213,
                        "alpha": 0.13387248222583023
                    },
                    "value": 3055.8467126340447
                },
                "A": {
                    "name": "A",
                    "user_data": null,
                    "init_value": 0.006798732821911514,
                    "min": 0,
                    "max": Infinity,
                    "brute_step": null,
                    "stderr": 1.9560046084634592e-05,
                    "correl": {
                        "fr": 0.14752805624361132,
                        "Ql": -0.9030834888398841,
                        "Qe": -0.8630075034826279,
                        "theta": -0.2906675705515771,
                        "phi_v": -0.6730114404321629,
                        "phi_0": 0.6729166580610484,
                        "alpha": -0.45204778160813325
                    },
                    "value": 0.011348389034685047
                },
                "theta": {
                    "name": "theta",
                    "user_data": null,
                    "init_value": 0,
                    "min": -1.5707963267948966,
                    "max": 1.5707963267948966,
                    "brute_step": null,
                    "stderr": 0.003495865703136809,
                    "correl": {
                        "fr": -0.9655657258626507,
                        "Ql": 0.13418125548028653,
                        "Qe": -7.379847620833958e-05,
                        "A": -0.2906675705515771,
                        "phi_v": -0.12992744972793602,
                        "phi_0": 0.13017660464836553,
                        "alpha": 0.8603202541504879
                    },
                    "value": 0.17750528389346343
                },
                "phi_v": {
                    "name": "phi_v",
                    "user_data": null,
                    "init_value": -1.823631646143087e-07,
                    "min": -Infinity,
                    "max": Infinity,
                    "brute_step": null,
                    "stderr": 9.652360149867178e-10,
                    "correl": {
                        "fr": 0.2512228095718734,
                        "Ql": 0.7688228763412343,
                        "Qe": 0.8609518707507815,
                        "A": -0.6730114404321629,
                        "theta": -0.12992744972793602,
                        "phi_0": -0.9999999623476542,
                        "alpha": 0.004596546202719619
                    },
                    "value": -7.377593415215651e-08
                },
                "phi_0": {
                    "name": "phi_0",
                    "user_data": null,
                    "init_value": 1092.5283910652506,
                    "min": -Infinity,
                    "max": Infinity,
                    "brute_step": null,
                    "stderr": 5.799917423150898,
                    "correl": {
                        "fr": -0.2514666278708672,
                        "Ql": -0.7687614363058851,
                        "Qe": -0.8609220429360213,
                        "A": 0.6729166580610484,
                        "theta": 0.13017660464836553,
                        "phi_v": -0.9999999623476542,
                        "alpha": -0.004384909625853273
                    },
                    "value": 440.85290775030364
                },
                "alpha": {
                    "name": "alpha",
                    "user_data": null,
                    "init_value": 0,
                    "min": -1,
                    "max": 1,
                    "brute_step": null,
                    "stderr": 4.713583888763061,
                    "correl": {
                        "fr": -0.7676214740843795,
                        "Ql": 0.25473949559158343,
                        "Qe": 0.13387248222583023,
                        "A": -0.45204778160813325,
                        "theta": 0.8603202541504879,
                        "phi_v": 0.004596546202719619,
                        "phi_0": -0.004384909625853273
                    },
                    "value": -0.9998846762735519
                },
                "Qi": {
                    "name": "Qi",
                    "user_data": null,
                    "init_value": -334991.47820724145,
                    "min": -Infinity,
                    "max": Infinity,
                    "brute_step": null,
                    "stderr": 133.13188812194946,
                    "correl": null,
                    "value": 19752.33096351692
                },
                "Qc": {
                    "name": "Qc",
                    "user_data": null,
                    "init_value": 6633.494617965179,