{
    "fit_success": true,
    "Qi": {
        "__dtype__": "UFloat",
        "nominal_value": 11507.98684192294,
        "std_dev": 286.66783255214784
    },
    "Qe": {
        "__dtype__": "UFloat",
        "nominal_value": 10233.669861201759,
        "std_dev": 125.7981961115534
    },
    "Ql": {
        "__dtype__": "UFloat",
        "nominal_value": 5869.4216523817595,
        "std_dev": 95.32833043922166
    },
    "Qc": {
        "__dtype__": "UFloat",
        "nominal_value": 11979.151588172586,
        "std_dev": 172.35352957167694
    },
    "fr": {
        "__dtype__": "UFloat",
        "nominal_value": 5719773359.579688,
        "std_dev": 7913.276514280662
    },
    "fit_msg": "Summary\n$Q_I$: 11.51$\\pm$0.29 k\n$Q_C$: 11.98$\\pm$0.17 k\n$f_{res}$: 5.7197734$\\pm$7.9e-06 GHz",
    "fit_result": {
        "hanger_func_complex_SI": {
            "success": true,
            "message": "Fit succeeded.",
            "params": {
                "fr": {
                    "name": "fr",
                    "user_data": null,
                    "init_value": 5720098743.718593,
                    "min": 5710350000.0,
                    "max": 5730350000.0,
                    "brute_step": null,
                    "stderr": 7913.276514280662,
                    "correl": {
                        "Ql": 0.00015510027077424211,
                        "Qe": 0.018768158419688163,
                        "A": 0.16368645901282114,
                        "theta": -0.7659994175843131,
                        "phi_v": -0.12981090518640725,
                        "phi_0": 0.12954798981408897,
                        "alpha": 0.2686384784046997
                    },
                    "value": 5719773359.579688
                },
                "Ql": {
                    "name": "Ql",
                    "user_data": null,
                    "init_value": 1288.6098366595522,
                    "min": 28.600493718592965,
                    "max": 56914.98250003528,
                    "brute_step": null,
                    "stderr": 95.32833043922166,
                    "correl": {
                        "fr": 0.00015510027077424211,
                        "Qe": 0.7660300253721093,
                        "A": -0.2475845767858692,
                        "theta": 0.018448559139582866,
                        "phi_v": 0.2681756673936551,
                        "phi_0": -0.2683183992073527,
                        "alpha": 0.12897709809812608
                    },
                    "value": 5869.4216523817595
                },
                "Qe": {
                    "name": "Qe",
                    "user_data": null,
                    "init_value": 1263.092810191046,
                    "min": 0,
                    "max": Infinity,
                    "brute_step": null,
                    "stderr": 125.7981961115534,
                    "correl": {
                        "fr": 0.018768158419688163,
                        "Ql": 0.7660300253721093,
                        "A": -0.234218471545131,
                        "theta": -0.00015820148672557132,
                        "phi_v": 0.3595977597773646,
                        "phi_0": -0.3597949560580931,
                        "alpha": 0.19298963573928432
                    },
                    "value": 10233.669861201759
                },
                "A": {
                    "name": "A",
                    "user_data": null,
                    "init_value": 0.0038984255706158823,
                    "min": 0,
                    "max": Infinity,
                    "brute_step": null,
                    "stderr": 5.096201530817801e-06,
                    "correl": {
                        "fr": 0.16368645901282114,
                        "Ql": -0.2475845767858692,
                        "Qe": -0.234218471545131,
                        "theta": -0.22468941545613158,
                        "phi_v": -0.12008928353200815,
                        "phi_0": 0.12008019670853823,
                        "alpha": 0.08512363863599645
                    },
                    "value": 0.0040184374076115414
                },
                "theta": {
                    "name": "theta",
                    "user_data": null,
                    "init_value": 0,
                    "min": -1.5707963267948966,
                    "max": 1.5707963267948966,
                    "brute_step": null,
                    "stderr": 0.01229121331721979,
                    "correl": {
                        "fr": -0.7659994175843131,
                        "Ql": 0.018448559139582866,
                        "Qe": -0.00015820148672557132,
                        "A": -0.22468941545613158,
                        "phi_v": 0.19420602621803143,
                        "phi_0": -0.193950474697308,
                        "alpha": -0.36029541913098695
                    },
                    "value": 0.5466128705218143
                },
                "phi_v": {
                    "name": "phi_v",
                    "user_data": null,
                    "init_value": -1.0780757576393953e-07,
                    "min": -Infinity,
                    "max": Infinity,
                    "brute_step": null,
                    "stderr": 2.1955977547525457e-10,
                    "correl": {
                        "fr": -0.12981090518640725,
                        "Ql": 0.2681756673936551,
                        "Qe": 0.3595977597773646,
                        "A": -0.12008928353200815,
                        "theta": 0.19420602621803143,
                        "phi_0": -0.9999994930498822,
                        "alpha": -0.004159383909817537
                    },
                    "value": -7.495037055457143e-08
                },
                "phi_0": {
                    "name": "phi_0",
                    "user_data": null,
                    "init_value": 614.7817571634376,
                    "min": -Infinity,
                    "max": Infinity,
                    "brute_step": null,
                    "stderr": 1.2559415446188065,
                    "correl": {
                        "fr": 0.12954798981408897,
                        "Ql": -0.2683183992073527,
                        "Qe": -0.3597949560580931,
                        "A": 0.12008019670853823,
                        "theta": -0.193950474697308,
                        "phi_v": -0.9999994930498822,
                        "alpha": 0.004030747561337448
                    },
                    "value": 427.16541835365314
                },
                "alpha": {
                    "name": "alpha",
                    "user_data": null,
                    "init_value": 0,
                    "min": -1,
                    "max": 1,
                    "brute_step": null,
                    "stderr": 1.4285549797197856,
                    "correl": {
                        "fr": 0.2686384784046997,
                        "Ql": 0.12897709809812608,
                        "Qe": 0.19298963573928432,
                        "A": 0.08512363863599645,
                        "theta": -0.36029541913098695,
                        "phi_v": -0.004159383909817537,
                        "phi_0": 0.004030747561337448
                    },
                    "value": 0.9999704931705495
                },
                "Qi": {
                    "name": "Qi",
                    "user_data": null,
                    "init_value": -63786.18691464749,
                    "min": -Infinity,
                    "max": Infinity,
                    "brute_step": null,
                    "stderr": 286.66783255214784,
                    "correl": null,
                    "value": 11507.98684192294
                },
                "Qc": {
                    "name": "Qc",
                    "user_data": null,
                    "init_value": 1263.092810191046,