{
    "fit_success": true,
    "T1": {
        "__dtype__": "UFloat",
        "nominal_value": 9.166915867719894e-06,
        "std_dev": 4.699477877176063e-07
    },
    "fit_msg": "Summary\n$T1$: 9.17$\\pm$0.47 \u03bcs\namplitude: 367.2$\\pm$9.0 \u03bcV\noffset: 573.5$\\pm$3.6 \u03bcV",
    "fit_result": {
        "exp_decay_func": {
            "success": true,
            "message": "Fit succeeded.",
            "params": {
                "tau": {
                    "name": "tau",
                    "user_data": null,
                    "init_value": 2.524e-05,
                    "min": 0,
                    "max": Infinity,
                    "brute_step": null,
                    "stderr": 4.699477877176063e-07,
                    "correl": {
                        "amplitude": -0.4131242734531232,
                        "offset": -0.7123435558811859
                    },
                    "value": 9.166915867719894e-06
                },
                "amplitude": {
                    "name": "amplitude",
                    "user_data": null,
                    "init_value": 0.00039855772877545135,
                    "min": -Infinity,
                    "max": Infinity,
                    "brute_step": null,
                    "stderr": 9.016587667959874e-06,
                    "correl": {
                        "tau": -0.4131242734531232,
                        "offset": -0.08685780206451307
                    },
                    "value": 0.0003671732477781697
                },
                "offset": {
                    "name": "offset",
                    "user_data": null,
                    "init_value": 0.0005668187438559103,
                    "min": -Infinity,
                    "max": Infinity,
                    "brute_step": null,
                    "stderr": 3.6383592296682052e-06,
                    "correl": {
                        "tau": -0.7123435558811859,
                        "amplitude": -0.08685780206451307
                    },
                    "value": 0.0005735097723167153
                },
                "n_factor": {
                    "name": "n_factor",
                    "user_data": null,
                    "init_value": 1,
                    "min": -Infinity,
                    "max": Infinity,
                    "brute_step": null,
                    "stderr": 0.0,
                    "correl": null,
                    "value": 1
                }
            }
        }
    }
}