{
    "fit_success": true,
    "T1": {
        "__dtype__": "UFloat",
        "nominal_value": 7.87498263110642e-06,
        "std_dev": 4.2382985392858136e-07
    },
    "fit_msg": "Summary\n$T1$: 7.87$\\pm$0.42 \u03bcs\namplitude: 355.6$\\pm$9.8 \u03bcV\noffset: 577.8$\\pm$3.3 \u03bcV",
    "fit_result": {
        "exp_decay_func": {
            "success": true,
            "message": "Fit succeeded.",
            "params": {
                "tau": {
                    "name": "tau",
                    "user_data": null,
                    "init_value": 2.524e-05,
                    "min": 0,
                    "max": Infinity,
                    "brute_step": null,
                    "stderr": 4.2382985392858136e-07,
                    "correl": {
                        "amplitude": -0.4660127669040781,
                        "offset": -0.6526479052893438
                    },
                    "value": 7.87498263110642e-06
                },
                "amplitude": {
                    "name": "amplitude",
                    "user_data": null,
                    "init_value": 0.0003999454534633532,
                    "min": -Infinity,
                    "max": Infinity,
                    "brute_step": null,
                    "stderr": 9.823372235457588e-06,
                    "correl": {
                        "tau": -0.4660127669040781,
                        "offset": -0.06726914142662246
                    },
                    "value": 0.0003555675366359053
                },
                "offset": {
                    "name": "offset",
                    "user_data": null,
                    "init_value": 0.0005648707425994174,
                    "min": -Infinity,
                    "max": Infinity,
                    "brute_step": null,
                    "stderr": 3.327208792535273e-06,
                    "correl": {
                        "tau": -0.6526479052893438,
                        "amplitude": -0.06726914142662246
                    },
                    "value": 0.0005778168540582201
                },
                "n_factor": {
                    "name": "n_factor",
                    "user_data": null,
                    "init_value": 1,
                    "min": -Infinity,
                    "max": Infinity,
                    "brute_step": null,
                    "stderr": 0.0,
                    "correl": null,
                    "value": 1
                }
            }
        }
    }
}