{
    "fit_success": true,
    "Qi": {
        "__dtype__": "UFloat",
        "nominal_value": 15737.18997358992,
        "std_dev": 159.48372122078024
    },
    "Qe": {
        "__dtype__": "UFloat",
        "nominal_value": 4120.043245249881,
        "std_dev": 12.993112926374554
    },
    "Ql": {
        "__dtype__": "UFloat",
        "nominal_value": 3521.7894343150165,
        "std_dev": 13.375165850066328
    },
    "Qc": {
        "__dtype__": "UFloat",
        "nominal_value": 4537.147119867349,
        "std_dev": 15.75507817692267
    },
    "fr": {
        "__dtype__": "UFloat",
        "nominal_value": 5913468399.373243,
        "std_dev": 3188.4171018335173
    },
    "fit_msg": "Summary\n$Q_I$: 15.74$\\pm$0.16 k\n$Q_C$: 4.537$\\pm$0.016 k\n$f_{res}$: 5.9134684$\\pm$3.2e-06 GHz",
    "fit_result": {
        "hanger_func_complex_SI": {
            "success": true,
            "message": "Fit succeeded.",
            "params": {
                "fr": {
                    "name": "fr",
                    "user_data": null,
                    "init_value": 5913774371.859297,
                    "min": 5908900000.0,
                    "max": 5918900000.0,
                    "brute_step": null,
                    "stderr": 3188.4171018335173,
                    "correl": {
                        "Ql": 0.00027650361684537577,
                        "Qe": 0.07786752877044117,
                        "A": 0.23166333165168485,
                        "theta": -0.8541798128176659,
                        "phi_v": -0.14405653475852156,
                        "phi_0": 0.1437846220383971,
                        "alpha": -0.5048343556077212
                    },
                    "value": 5913468399.373243
                },
                "Ql": {
                    "name": "Ql",
                    "user_data": null,
                    "init_value": 2664.481215736899,
                    "min": 59.13774371859297,
                    "max": 117684.11000118966,
                    "brute_step": null,
                    "stderr": 13.375165850066328,
                    "correl": {
                        "fr": 0.00027650361684537577,
                        "Qe": 0.8541907628166593,
                        "A": -0.5220579226462684,
                        "theta": 0.07730531999148257,
                        "phi_v": 0.5042519215988789,
                        "phi_0": -0.5043462697596001,
                        "alpha": -0.14239518148304878
                    },
                    "value": 3521.7894343150165
                },
                "Qe": {
                    "name": "Qe",
                    "user_data": null,
                    "init_value": 2611.7192114648806,
                    "min": 0,
                    "max": Infinity,
                    "brute_step": null,
                    "stderr": 12.993112926374554,
                    "correl": {
                        "fr": 0.07786752877044117,
                        "Ql": 0.8541907628166593,
                        "A": -0.44560536635950687,
                        "theta": -0.00027975635077142654,
                        "phi_v": 0.6081731594647286,
                        "phi_0": -0.608311790603773,
                        "alpha": -0.24887046682020583
                    },
                    "value": 4120.043245249881
                },
                "A": {
                    "name": "A",
                    "user_data": null,
                    "init_value": 0.00861055431528778,
                    "min": 0,
                    "max": Infinity,
                    "brute_step": null,
                    "stderr": 8.044482139535405e-06,
                    "correl": {
                        "fr": 0.23166333165168485,
                        "Ql": -0.5220579226462684,
                        "Qe": -0.44560536635950687,
                        "theta": -0.32773131731219146,
                        "phi_v": -0.32644287512743103,
                        "phi_0": 0.32642787992500716,
                        "alpha": -0.09182226866323512
                    },
                    "value": 0.009954906320233547
                },
                "theta": {
                    "name": "theta",
                    "user_data": null,
                    "init_value": 0,
                    "min": -1.5707963267948966,
                    "max": 1.5707963267948966,
                    "brute_step": null,
                    "stderr": 0.0031532784548686473,
                    "correl": {
                        "fr": -0.8541798128176659,
                        "Ql": 0.07730531999148257,
                        "Qe": -0.00027975635077142654,
                        "A": -0.32773131731219146,
                        "phi_v": 0.2509694016077865,
                        "phi_0": -0.2507295642452942,
                        "alpha": 0.6091703636087927
                    },
                    "value": 0.4321458112448622
                },
                "phi_v": {
                    "name": "phi_v",
                    "user_data": null,
                    "init_value": -1.6401772702791452e-07,
                    "min": -Infinity,
                    "max": Infinity,
                    "brute_step": null,
                    "stderr": 2.745810235749572e-10,
                    "correl": {
                        "fr": -0.14405653475852156,
                        "Ql": 0.5042519215988789,
                        "Qe": 0.6081731594647286,
                        "A": -0.32644287512743103,
                        "theta": 0.2509694016077865,
                        "phi_0": -0.999999875306421,
                        "alpha": 0.0039466397848971595
                    },
                    "value": -6.958935513030049e-08
                },
                "phi_0": {
                    "name": "phi_0",
                    "user_data": null,
                    "init_value": 967.0476545786845,
                    "min": -Infinity,
                    "max": Infinity,
                    "brute_step": null,
                    "stderr": 1.6238004154225874,
                    "correl": {
                        "fr": 0.1437846220383971,
                        "Ql": -0.5043462697596001,
                        "Qe": -0.608311790603773,
                        "A": 0.32642787992500716,
                        "theta": -0.2507295642452942,
                        "phi_v": -0.999999875306421,
                        "alpha": -0.0037728920971367955
                    },
                    "value": 409.2340817184889
                },
                "alpha": {
                    "name": "alpha",
                    "user_data": null,
                    "init_value": 0,
                    "min": -1,
                    "max": 1,
                    "brute_step": null,
                    "stderr": 1.444319247030343,
                    "correl": {
                        "fr": -0.5048343556077212,
                        "Ql": -0.14239518148304878,
                        "Qe": -0.24887046682020583,
                        "A": -0.09182226866323512,
                        "theta": 0.6091703636087927,
                        "phi_v": 0.0039466397848971595,
                        "phi_0": -0.0037728920971367955
                    },
                    "value": 0.9998936129038709
                },
                "Qi": {
                    "name": "Qi",
                    "user_data": null,
                    "init_value": -131891.82017897486,
                    "min": -Infinity,
                    "max": Infinity,
                    "brute_step": null,
                    "stderr": 159.48372122078024,
                    "correl": null,
                    "value": 15737.18997358992
                },
                "Qc": {
                    "name": "Qc",
                    "user_data": null,
                    "init_value": 2611.7192114648806,