{
    "fit_success": true,
    "Qi": {
        "__dtype__": "UFloat",
        "nominal_value": 16798.084606584893,
        "std_dev": 944.8754469765105
    },
    "Qe": {
        "__dtype__": "UFloat",
        "nominal_value": 2357.4403182601427,
        "std_dev": 22.096682744261944
    },
    "Ql": {
        "__dtype__": "UFloat",
        "nominal_value": 2092.53137084206,
        "std_dev": 24.934704674661234
    },
    "Qc": {
        "__dtype__": "UFloat",
        "nominal_value": 2390.2887872251076,
        "std_dev": 22.716870349359652
    },
    "fr": {
        "__dtype__": "UFloat",
        "nominal_value": 6106629778.128929,
        "std_dev": 17387.927383943777
    },
    "fit_msg": "Summary\n$Q_I$: 16.80$\\pm$0.94 k\n$Q_C$: 2.390$\\pm$0.023 k\n$f_{res}$: 6.106630$\\pm$1.7e-05 GHz",
    "fit_result": {
        "hanger_func_complex_SI": {
            "success": true,
            "message": "Fit succeeded.",
            "params": {
                "fr": {
                    "name": "fr",
                    "user_data": null,
                    "init_value": 6106877889.447236,
                    "min": 6095300000.0,
                    "max": 6119300000.0,
                    "brute_step": null,
                    "stderr": 17387.927383943777,
                    "correl": {
                        "Ql": 6.399470003589302e-06,
                        "Qe": 0.02577452581960009,
                        "A": 0.09047104606697302,
                        "theta": -0.8247079918568188,
                        "phi_v": -0.03277313264704257,
                        "phi_0": 0.03223793616040729,
                        "alpha": 0.4544027585252079
                    },
                    "value": 6106629778.128929
                },
                "Ql": {
                    "name": "Ql",
                    "user_data": null,
                    "init_value": 1146.4520795031,
                    "min": 25.445324539363483,
                    "max": 50636.195833604965,
                    "brute_step": null,
                    "stderr": 24.934704674661234,
                    "correl": {
                        "fr": 6.399470003589302e-06,
                        "Qe": 0.824685540056548,
                        "A": -0.4634680966849957,
                        "theta": 0.025783745614370097,
                        "phi_v": 0.45423864226993677,
                        "phi_0": -0.45429895595198544,
                        "alpha": 0.03029096216086869
                    },
                    "value": 2092.53137084206
                },
                "Qe": {
                    "name": "Qe",
                    "user_data": null,
                    "init_value": 1123.7500581268012,
                    "min": 0,
                    "max": Infinity,
                    "brute_step": null,
                    "stderr": 22.096682744261944,
                    "correl": {
                        "fr": 0.02577452581960009,
                        "Ql": 0.824685540056548,
                        "A": -0.4016725639849505,
                        "theta": 1.9307106410826805e-05,
                        "phi_v": 0.5837188197506998,
                        "phi_0": -0.5838111047369801,
                        "alpha": 0.06975433139317246
                    },
                    "value": 2357.4403182601427
                },
                "A": {
                    "name": "A",
                    "user_data": null,
                    "init_value": 0.006902827610965375,
                    "min": 0,
                    "max": Infinity,
                    "brute_step": null,
                    "stderr": 1.728707609145443e-05,
                    "correl": {
                        "fr": 0.09047104606697302,
                        "Ql": -0.4634680966849957,
                        "Qe": -0.4016725639849505,
                        "theta": -0.12983815420399575,
                        "phi_v": -0.22361118562556104,
                        "phi_0": 0.22359065291217037,
                        "alpha": 0.08732789891281147
                    },
                    "value": 0.0077527369645216115
                },
                "theta": {
                    "name": "theta",
                    "user_data": null,
                    "init_value": 0,
                    "min": -1.5707963267948966,
                    "max": 1.5707963267948966,
                    "brute_step": null,
                    "stderr": 0.009373734900863117,
                    "correl": {
                        "fr": -0.8247079918568188,
                        "Ql": 0.025783745614370097,
                        "Qe": 1.9307106410826805e-05,
                        "A": -0.12983815420399575,
                        "phi_v": 0.07274347809413773,
                        "phi_0": -0.07227244557069054,
                        "alpha": -0.584072824489094
                    },
                    "value": 0.165976266493993
                },
                "phi_v": {
                    "name": "phi_v",
                    "user_data": null,
                    "init_value": -1.2387685314863275e-07,
                    "min": -Infinity,
                    "max": Infinity,
                    "brute_step": null,
                    "stderr": 3.22218842121434e-10,
                    "correl": {
                        "fr": -0.03277313264704257,
                        "Ql": 0.45423864226993677,
                        "Qe": 0.5837188197506998,
                        "A": -0.22361118562556104,
                        "theta": 0.07274347809413773,
                        "phi_0": -0.9999993587404742,
                        "alpha": -0.0045537647997917225
                    },
                    "value": -7.015691059135474e-08
                },
                "phi_0": {
                    "name": "phi_0",
                    "user_data": null,
                    "init_value": 752.6410846239903,
                    "min": -Infinity,
                    "max": Infinity,
                    "brute_step": null,
                    "stderr": 1.9678636949386892,
                    "correl": {
                        "fr": 0.03223793616040729,
                        "Ql": -0.45429895595198544,
                        "Qe": -0.5838111047369801,
                        "A": 0.22359065291217037,
                        "theta": -0.07227244557069054,
                        "phi_v": -0.9999993587404742,
                        "alpha": 0.0042851112098729474
                    },
                    "value": 425.3263018247619
                },
                "alpha": {
                    "name": "alpha",
                    "user_data": null,
                    "init_value": 0,
                    "min": -1,
                    "max": 1,
                    "brute_step": null,
                    "stderr": 2.359020487654684,
                    "correl": {
                        "fr": 0.4544027585252079,
                        "Ql": 0.03029096216086869,
                        "Qe": 0.06975433139317246,
                        "A": 0.08732789891281147,
                        "theta": -0.584072824489094,
                        "phi_v": -0.0045537647997917225,
                        "phi_0": 0.0042851112098729474
                    },
                    "value": -0.9999801628203628
                },
                "Qi": {
                    "name": "Qi",
                    "user_data": null,
                    "init_value": -56749.377935403405,
                    "min": -Infinity,
                    "max": Infinity,
                    "brute_step": null,
                    "stderr": 944.8754469765105,
                    "correl": null,
                    "value": 16798.084606584893
                },
                "Qc": {
                    "name": "Qc",
                    "user_data": null,
                    "init_value": 1123.7500581268012,