{
    "fit_success": true,
    "Qi": {
        "__dtype__": "UFloat",
        "nominal_value": 40.54201634997866,
        "std_dev": 47205.13147996819
    },
    "Qe": {
        "__dtype__": "UFloat",
        "nominal_value": 2307.268027752907,
        "std_dev": 8067168.567613436
    },
    "Ql": {
        "__dtype__": "UFloat",
        "nominal_value": 40.50009993504443,
        "std_dev": 47313.54722463623
    },
    "Qc": {
        "__dtype__": "UFloat",
        "nominal_value": 39172.14094571398,
        "std_dev": 2320635768.863396
    },
    "fr": {
        "__dtype__": "UFloat",
        "nominal_value": 6015829256.500904,
        "std_dev": 87016955322.17677
    },
    "fit_msg": "Summary\n$Q_I$: 41.$\\pm$4.7e+04 \n$Q_C$: 39.$\\pm$2.3e+06 k\n$f_{res}$: 6$\\pm$87 GHz",
    "fit_result": {
        "hanger_func_complex_SI": {
            "success": true,
            "message": "Fit succeeded.",
            "params": {
                "fr": {
                    "name": "fr",
                    "user_data": null,
                    "init_value": 6010000000.0,
                    "min": 6010000000.0,
                    "max": 6025000000.0,
                    "brute_step": null,
                    "stderr": 87016955322.17677,
                    "correl": {
                        "Ql": -0.006346346071492707,
                        "Qe": 0.028474982654915597,
                        "A": 0.9965034748605055,
                        "theta": -0.998889613683117,
                        "phi_v": -0.9891200321262238,
                        "phi_0": 0.9854233538274206,
                        "alpha": 0.11740755195353268
                    },
                    "value": 6015829256.500904
                },
                "Ql": {
                    "name": "Ql",
                    "user_data": null,
                    "init_value": 1805.2241089637748,
                    "min": 40.06666666666667,
                    "max": 79732.66666747267,
                    "brute_step": null,
                    "stderr": 47313.54722463623,
                    "correl": {
                        "fr": -0.006346346071492707,
                        "Qe": 0.9992472206517627,
                        "A": -0.08768811236774132,
                        "theta": 0.05022597204273528,
                        "phi_v": 0.14415130953614153,
                        "phi_0": -0.16846839731433944,
                        "alpha": 0.9909921288694595
                    },
                    "value": 40.50009993504443
                },
                "Qe": {
                    "name": "Qe",
                    "user_data": null,
                    "init_value": 1769.4770969050862,
                    "min": 0,
                    "max": Infinity,
                    "brute_step": null,
                    "stderr": 8067168.567613436,
                    "correl": {
                        "fr": 0.028474982654915597,
                        "Ql": 0.9992472206517627,
                        "A": -0.05296363151881899,
                        "theta": 0.015423545395172142,
                        "phi_v": 0.10970648907403524,
                        "phi_0": -0.13415006414456648,
                        "alpha": 0.9954273483828271
                    },
                    "value": 2307.268027752907
                },
                "A": {
                    "name": "A",
                    "user_data": null,
                    "init_value": 0.010318595734007525,
                    "min": 0,
                    "max": Infinity,
                    "brute_step": null,
                    "stderr": 0.568924966439451,
                    "correl": {
                        "fr": 0.9965034748605055,
                        "Ql": -0.08768811236774132,
                        "Qe": -0.05296363151881899,
                        "theta": -0.9992928068113954,
                        "phi_v": -0.9978522974276148,
                        "phi_0": 0.9961477088708296,
                        "alpha": 0.03631949797625493
                    },
                    "value": 0.010314951954014218
                },
                "theta": {
                    "name": "theta",
                    "user_data": null,
                    "init_value": 0,
                    "min": -1.5707963267948966,
                    "max": 1.5707963267948966,
                    "brute_step": null,
                    "stderr": 3486.1923505718137,
                    "correl": {
                        "fr": -0.998889613683117,
                        "Ql": 0.05022597204273528,
                        "Qe": 0.015423545395172142,
                        "A": -0.9992928068113954,
                        "phi_v": 0.9949482426248314,
                        "phi_0": -0.9923222337058463,
                        "alpha": -0.0738059145260232
                    },
                    "value": 1.5118614777217259
                },
                "phi_v": {
                    "name": "phi_v",
                    "user_data": null,
                    "init_value": -9.213869605653779e-08,
                    "min": -Infinity,
                    "max": Infinity,
                    "brute_step": null,
                    "stderr": 2.746555546027091e-07,
                    "correl": {
                        "fr": -0.9891200321262238,
                        "Ql": 0.14415130953614153,
                        "Qe": 0.10970648907403524,
                        "A": -0.9978522974276148,
                        "theta": 0.9949482426248314,
                        "phi_0": -0.9996967226064417,
                        "alpha": 0.020627677752446682
                    },
                    "value": -9.413768779846333e-08
                },
                "phi_0": {
                    "name": "phi_0",
                    "user_data": null,
                    "init_value": 555.4412219584159,
                    "min": -Infinity,
                    "max": Infinity,
                    "brute_step": null,
                    "stderr": 1654.9043967211667,
                    "correl": {
                        "fr": 0.9854233538274206,
                        "Ql": -0.16846839731433944,
                        "Qe": -0.13415006414456648,
                        "A": 0.9961477088708296,
                        "theta": -0.9923222337058463,
                        "phi_v": -0.9996967226064417,
                        "alpha": -0.04523448713863283
                    },
                    "value": 567.2664259238651
                },
                "alpha": {
                    "name": "alpha",
                    "user_data": null,
                    "init_value": 0,
                    "min": -1,
                    "max": 1,
                    "brute_step": null,
                    "stderr": 2099.068943392555,
                    "correl": {
                        "fr": 0.11740755195353268,
                        "Ql": 0.9909921288694595,
                        "Qe": 0.9954273483828271,
                        "A": 0.03631949797625493,
                        "theta": -0.0738059145260232,
                        "phi_v": 0.020627677752446682,
                        "phi_0": -0.04523448713863283
                    },
                    "value": 0.9999078157847676
                },
                "Qi": {
                    "name": "Qi",
                    "user_data": null,
                    "init_value": -89358.59339370739,
                    "min": -Infinity,
                    "max": Infinity,
                    "brute_step": null,
                    "stderr": 47205.13147996819,
                    "correl": null,
                    "value": 40.54201634997866
                },
                "Qc": {
                    "name": "Qc",
                    "user_data": null,
                    "init_value": 1769.4770969050862,
                    "min": -Infinity,