{
    "fit_success": true,
    "Qi": {
        "__dtype__": "UFloat",
        "nominal_value": 16683.42377549892,
        "std_dev": 1331.1659758043227
    },
    "Qe": {
        "__dtype__": "UFloat",
        "nominal_value": 2654.555004040212,
        "std_dev": 36.255834966043004
    },
    "Ql": {
        "__dtype__": "UFloat",
        "nominal_value": 2762.660183144137,
        "std_dev": 48.636276121284254
    },
    "Qc": {
        "__dtype__": "UFloat",
        "nominal_value": 3310.9268954473055,
        "std_dev": 56.39140503048396
    },
    "fr": {
        "__dtype__": "UFloat",
        "nominal_value": 5837701878.030345,
        "std_dev": 18598.10185306253
    },
    "fit_msg": "Summary\n$Q_I$: 16.7$\\pm$1.3 k\n$Q_C$: 3.311$\\pm$0.056 k\n$f_{res}$: 5.837702$\\pm$1.9e-05 GHz",
    "fit_result": {
        "hanger_func_complex_SI": {
            "success": true,
            "message": "Fit succeeded.",
            "params": {
                "fr": {
                    "name": "fr",
                    "user_data": null,
                    "init_value": 5838448492.462312,
                    "min": 5826750000.0,
                    "max": 5850750000.0,
                    "brute_step": null,
                    "stderr": 18598.10185306253,
                    "correl": {
                        "Ql": 0.00030646194189881465,
                        "Qe": 0.06772872341234185,
                        "A": 0.23859250938502718,
                        "theta": -0.7905340019571938,
                        "phi_v": -0.18590237948228508,
                        "phi_0": 0.185501851235255,
                        "alpha": 0.3477812173756761
                    },
                    "value": 5837701878.030345
                },
                "Ql": {
                    "name": "Ql",
                    "user_data": null,
                    "init_value": 1096.0594818543227,
                    "min": 24.326868718592966,
                    "max": 48410.46875025969,
                    "brute_step": null,
                    "stderr": 48.636276121284254,
                    "correl": {
                        "fr": 0.00030646194189881465,
                        "Qe": 0.7906053783625446,
                        "A": -0.3192387383489717,
                        "theta": 0.06716938217852049,
                        "phi_v": 0.34715986007525057,
                        "phi_0": -0.34741035380093543,
                        "alpha": 0.18503487708350902
                    },
                    "value": 2762.660183144137
                },
                "Qe": {
                    "name": "Qe",
                    "user_data": null,
                    "init_value": 1074.3553336987916,
                    "min": 0,
                    "max": Infinity,
                    "brute_step": null,
                    "stderr": 36.255834966043004,
                    "correl": {
                        "fr": 0.06772872341234185,
                        "Ql": 0.7906053783625446,
                        "A": -0.19026540611701434,
                        "theta": -0.00022415254633366516,
                        "phi_v": 0.4292122409516969,
                        "phi_0": -0.42956468090411604,
                        "alpha": 0.29471516836908884
                    },
                    "value": 2654.555004040212
                },
                "A": {
                    "name": "A",
                    "user_data": null,
                    "init_value": 0.007376096840758659,
                    "min": 0,
                    "max": Infinity,
                    "brute_step": null,
                    "stderr": 2.6124793328671405e-05,
                    "correl": {
                        "fr": 0.23859250938502718,
                        "Ql": -0.3192387383489717,
                        "Qe": -0.19026540611701434,
                        "theta": -0.3303148549805762,
                        "phi_v": -0.1654201215496315,
                        "phi_0": 0.16540454973988486,
                        "alpha": 0.08321314199478076
                    },
                    "value": 0.007903585807183422
                },
                "theta": {
                    "name": "theta",
                    "user_data": null,
                    "init_value": 0,
                    "min": -1.5707963267948966,
                    "max": 1.5707963267948966,
                    "brute_step": null,
                    "stderr": 0.01365497082165949,
                    "correl": {
                        "fr": -0.7905340019571938,
                        "Ql": 0.06716938217852049,
                        "Qe": -0.00022415254633366516,
                        "A": -0.3303148549805762,
                        "phi_v": 0.29606039980826976,
                        "phi_0": -0.2958002840194838,
                        "alpha": -0.4301818605590087
                    },
                    "value": 0.6405689579213951
                },
                "phi_v": {
                    "name": "phi_v",
                    "user_data": null,
                    "init_value": -1.071070455187044e-07,
                    "min": -Infinity,
                    "max": Infinity,
                    "brute_step": null,
                    "stderr": 4.792068587613031e-10,
                    "correl": {
                        "fr": -0.18590237948228508,
                        "Ql": 0.34715986007525057,
                        "Qe": 0.4292122409516969,
                        "A": -0.1654201215496315,
                        "theta": 0.29606039980826976,
                        "phi_0": -0.9999993039060923,
                        "alpha": -0.0038277062474183937
                    },
                    "value": -6.912822951223634e-08
                },
                "phi_0": {
                    "name": "phi_0",
                    "user_data": null,
                    "init_value": 621.5937423154561,
                    "min": -Infinity,
                    "max": Infinity,
                    "brute_step": null,
                    "stderr": 2.7977466916034746,
                    "correl": {
                        "fr": 0.185501851235255,
                        "Ql": -0.34741035380093543,
                        "Qe": -0.42956468090411604,
                        "A": 0.16540454973988486,
                        "theta": -0.2958002840194838,
                        "phi_v": -0.9999993039060923,
                        "alpha": 0.0036167370066554566
                    },
                    "value": 400.37611287334465
                },
                "alpha": {
                    "name": "alpha",
                    "user_data": null,
                    "init_value": 0,
                    "min": -1,
                    "max": 1,
                    "brute_step": null,
                    "stderr": 4.051784411831244,
                    "correl": {
                        "fr": 0.3477812173756761,
                        "Ql": 0.18503487708350902,
                        "Qe": 0.29471516836908884,
                        "A": 0.08321314199478076,
                        "theta": -0.4301818605590087,
                        "phi_v": -0.0038277062474183937,
                        "phi_0": 0.0036167370066554566
                    },
                    "value": 0.9999479666731923
                },
                "Qi": {
                    "name": "Qi",
                    "user_data": null,
                    "init_value": -54254.944351789,
                    "min": -Infinity,
                    "max": Infinity,
                    "brute_step": null,
                    "stderr": 1331.1659758043227,
                    "correl": null,
                    "value": 16683.42377549892
                },
                "Qc": {
                    "name": "Qc",
                    "user_data": null,
                    "init_value": 1074.3553336987916,