{
    "fit_success": true,
    "Qi": {
        "__dtype__": "UFloat",
        "nominal_value": 10691.428534010898,
        "std_dev": 340.3352588288127
    },
    "Qe": {
        "__dtype__": "UFloat",
        "nominal_value": 10022.71611812788,
        "std_dev": 158.3288560186857
    },
    "Ql": {
        "__dtype__": "UFloat",
        "nominal_value": 5562.408423296361,
        "std_dev": 117.00354183696096
    },
    "Qc": {
        "__dtype__": "UFloat",
        "nominal_value": 11594.825298192944,
        "std_dev": 211.8717847749585
    },
    "fr": {
        "__dtype__": "UFloat",
        "nominal_value": 5719783433.910145,
        "std_dev": 10814.2415466251
    },
    "fit_msg": "Summary\n$Q_I$: 10.69$\\pm$0.34 k\n$Q_C$: 11.59$\\pm$0.21 k\n$f_{res}$: 5.719783$\\pm$1.1e-05 GHz",
    "fit_result": {
        "hanger_func_complex_SI": {
            "success": true,
            "message": "Fit succeeded.",
            "params": {
                "fr": {
                    "name": "fr",
                    "user_data": null,
                    "init_value": 5720048492.462312,
                    "min": 5708350000.0,
                    "max": 5732350000.0,
                    "brute_step": null,
                    "stderr": 10814.2415466251,
                    "correl": {
                        "Ql": 0.00016153977092258888,
                        "Qe": 0.01525824375883235,
                        "A": 0.1465079482125999,
                        "theta": -0.7598244989961048,
                        "phi_v": -0.12132605225124682,
                        "phi_0": 0.12103055403696505,
                        "alpha": 0.2528276767648934
                    },
                    "value": 5719783433.910145
                },
                "Ql": {
                    "name": "Ql",
                    "user_data": null,
                    "init_value": 1073.8320968188814,
                    "min": 23.833535385259633,
                    "max": 47428.735416921096,
                    "brute_step": null,
                    "stderr": 117.00354183696096,
                    "correl": {
                        "fr": 0.00016153977092258888,
                        "Qe": 0.7598587130058422,
                        "A": -0.23435541681407682,
                        "theta": 0.014922053210508147,
                        "phi_v": 0.25241175351111167,
                        "phi_0": -0.252568034005332,
                        "alpha": 0.12057850436651293
                    },
                    "value": 5562.408423296361
                },
                "Qe": {
                    "name": "Qe",
                    "user_data": null,
                    "init_value": 1052.568094901676,
                    "min": 0,
                    "max": Infinity,
                    "brute_step": null,
                    "stderr": 158.3288560186857,
                    "correl": {
                        "fr": 0.01525824375883235,
                        "Ql": 0.7598587130058422,
                        "A": -0.2263924938862382,
                        "theta": -0.00016765858056768372,
                        "phi_v": 0.34105820043675805,
                        "phi_0": -0.34127426525781207,
                        "alpha": 0.17841011256125275
                    },
                    "value": 10022.71611812788
                },
                "A": {
                    "name": "A",
                    "user_data": null,
                    "init_value": 0.0038935486536901278,
                    "min": 0,
                    "max": Infinity,
                    "brute_step": null,
                    "stderr": 5.95822131534447e-06,
                    "correl": {
                        "fr": 0.1465079482125999,
                        "Ql": -0.23435541681407682,
                        "Qe": -0.2263924938862382,
                        "theta": -0.20137554405873537,
                        "phi_v": -0.10677236952672961,
                        "phi_0": 0.10676513843584841,
                        "alpha": 0.0691883528854311
                    },
                    "value": 0.003996874322632182
                },
                "theta": {
                    "name": "theta",
                    "user_data": null,
                    "init_value": 0,
                    "min": -1.5707963267948966,
                    "max": 1.5707963267948966,
                    "brute_step": null,
                    "stderr": 0.015795150532365996,
                    "correl": {
                        "fr": -0.7598244989961048,
                        "Ql": 0.014922053210508147,
                        "Qe": -0.00016765858056768372,
                        "A": -0.20137554405873537,
                        "phi_v": 0.17952849728587797,
                        "phi_0": -0.17923718138432704,
                        "alpha": -0.34168030400879085
                    },
                    "value": 0.5268149073744426
                },
                "phi_v": {
                    "name": "phi_v",
                    "user_data": null,
                    "init_value": -9.720018708139494e-08,
                    "min": -Infinity,
                    "max": Infinity,
                    "brute_step": null,
                    "stderr": 2.152790606534618e-10,
                    "correl": {
                        "fr": -0.12132605225124682,
                        "Ql": 0.25241175351111167,
                        "Qe": 0.34105820043675805,
                        "A": -0.10677236952672961,
                        "theta": 0.17952849728587797,
                        "phi_0": -0.9999992699844438,
                        "alpha": -0.004200134205108887
                    },
                    "value": -7.580582716129702e-08
                },
                "phi_0": {
                    "name": "phi_0",
                    "user_data": null,
                    "init_value": 554.171571779093,
                    "min": -Infinity,
                    "max": Infinity,
                    "brute_step": null,
                    "stderr": 1.231454901128076,
                    "correl": {
                        "fr": 0.12103055403696505,
                        "Ql": -0.252568034005332,
                        "Qe": -0.34127426525781207,
                        "A": 0.10676513843584841,
                        "theta": -0.17923718138432704,
                        "phi_v": -0.9999992699844438,
                        "alpha": 0.004063476848706221
                    },
                    "value": 432.0456711549606
                },
                "alpha": {
                    "name": "alpha",
                    "user_data": null,
                    "init_value": 0,
                    "min": -1,
                    "max": 1,
                    "brute_step": null,
                    "stderr": 1.6295744007280686,
                    "correl": {
                        "fr": 0.2528276767648934,
                        "Ql": 0.12057850436651293,
                        "Qe": 0.17841011256125275,
                        "A": 0.0691883528854311,
                        "theta": -0.34168030400879085,
                        "phi_v": -0.004200134205108887,
                        "phi_0": 0.004063476848706221
                    },
                    "value": 0.9999726702428007
                },
                "Qi": {
                    "name": "Qi",
                    "user_data": null,
                    "init_value": -53154.68879253517,
                    "min": -Infinity,
                    "max": Infinity,
                    "brute_step": null,
                    "stderr": 340.3352588288127,
                    "correl": null,
                    "value": 10691.428534010898
                },
                "Qc": {
                    "name": "Qc",
                    "user_data": null,
                    "init_value": 1052.568094901676,