{
    "fit_success": true,
    "frequency_01": {
        "__dtype__": "UFloat",
        "nominal_value": 4218807045.6393905,
        "std_dev": 3745638.8031425877
    },
    "fit_msg": "Summary\nFrequency 0-1: 4.2188$\\pm$0.0037 GHz\nPeak width: 23$\\pm$10 MHz\n",
    "fit_result": {
        "Lorentzian_peak": {
            "success": true,
            "message": "Fit succeeded.",
            "params": {
                "x0": {
                    "name": "x0",
                    "user_data": null,
                    "init_value": 4242917348.803918,
                    "min": -Infinity,
                    "max": Infinity,
                    "brute_step": null,
                    "stderr": 3745638.8031425877,
                    "correl": {
                        "width": -0.0021345884842075206,
                        "a": -0.0007833904201031177,
                        "c": 0.00021292826901060037
                    },
                    "value": 4218807045.6393905
                },
                "width": {
                    "name": "width",
                    "user_data": null,
                    "init_value": 40201512.61036511,
                    "min": -Infinity,
                    "max": Infinity,
                    "brute_step": null,
                    "stderr": 10465569.022523094,
                    "correl": {
                        "x0": -0.0021345884842075206,
                        "a": 0.7727874880947584,
                        "c": -0.4407881910933917
                    },
                    "value": 23418055.044223964
                },
                "a": {
                    "name": "a",
                    "user_data": null,
                    "init_value": 162301.91268386602,
                    "min": -Infinity,
                    "max": Infinity,
                    "brute_step": null,
                    "stderr": 5662.317412682133,
                    "correl": {
                        "x0": -0.0007833904201031177,
                        "width": 0.7727874880947584,
                        "c": -0.5881358360108712
                    },
                    "value": 16148.404369848631
                },
                "c": {
                    "name": "c",
                    "user_data": null,
                    "init_value": 0.001791372225529165,
                    "min": -Infinity,
                    "max": Infinity,
                    "brute_step": null,
                    "stderr": 3.873629031996103e-05,
                    "correl": {
                        "x0": 0.00021292826901060037,
                        "width": -0.4407881910933917,
                        "a": -0.5881358360108712
                    },
                    "value": 0.001723491313671267
                }
            }
        }
    }
}