{
    "fit_success": true,
    "Qi": {
        "__dtype__": "UFloat",
        "nominal_value": 21641.39042096123,
        "std_dev": 466.1902059529834
    },
    "Qe": {
        "__dtype__": "UFloat",
        "nominal_value": 3126.676948877461,
        "std_dev": 10.64527581319058
    },
    "Ql": {
        "__dtype__": "UFloat",
        "nominal_value": 2760.9364673732407,
        "std_dev": 12.246302695713993
    },
    "Qc": {
        "__dtype__": "UFloat",
        "nominal_value": 3164.6751802034382,
        "std_dev": 10.904917116379515
    },
    "fr": {
        "__dtype__": "UFloat",
        "nominal_value": 6008040606.71569,
        "std_dev": 4826.096968344172
    },
    "fit_msg": "Summary\n$Q_I$: 21.64$\\pm$0.47 k\n$Q_C$: 3.165$\\pm$0.011 k\n$f_{res}$: 6.0080406$\\pm$4.8e-06 GHz",
    "fit_result": {
        "hanger_func_complex_SI": {
            "success": true,
            "message": "Fit succeeded.",
            "params": {
                "fr": {
                    "name": "fr",
                    "user_data": null,
                    "init_value": 6008198492.462312,
                    "min": 5996500000.0,
                    "max": 6020500000.0,
                    "brute_step": null,
                    "stderr": 4826.096968344172,
                    "correl": {
                        "Ql": 0.00036570869459407325,
                        "Qe": 0.017611605775572782,
                        "A": 0.07034756192131411,
                        "theta": -0.8003599544760922,
                        "phi_v": -0.035276559554156754,
                        "phi_0": 0.03481614465916032,
                        "alpha": 0.39724241452592635
                    },
                    "value": 6008040606.71569
                },
                "Ql": {
                    "name": "Ql",
                    "user_data": null,
                    "init_value": 1127.9268687611318,
                    "min": 25.034160385259636,
                    "max": 49817.97916693391,
                    "brute_step": null,
                    "stderr": 12.246302695713993,
                    "correl": {
                        "fr": 0.00036570869459407325,
                        "Qe": 0.8003647045313044,
                        "A": -0.39577711806648946,
                        "theta": 0.01683082342745239,
                        "phi_v": 0.3970979107190204,
                        "phi_0": -0.39715248365804157,
                        "alpha": 0.034176901164276824
                    },
                    "value": 2760.9364673732407
                },
                "Qe": {
                    "name": "Qe",
                    "user_data": null,
                    "init_value": 1105.5916832411092,
                    "min": 0,
                    "max": Infinity,
                    "brute_step": null,
                    "stderr": 10.64527581319058,
                    "correl": {
                        "fr": 0.017611605775572782,
                        "Ql": 0.8003647045313044,
                        "A": -0.3377163689248626,
                        "theta": -0.00039784149044693416,
                        "phi_v": 0.5215947651903594,
                        "phi_0": -0.5216746037667102,
                        "alpha": 0.06453183521183099
                    },
                    "value": 3126.676948877461
                },
                "A": {
                    "name": "A",
                    "user_data": null,
                    "init_value": 0.01020140857479888,
                    "min": 0,
                    "max": Infinity,
                    "brute_step": null,
                    "stderr": 7.953777663777063e-06,
                    "correl": {
                        "fr": 0.07034756192131411,
                        "Ql": -0.39577711806648946,
                        "Qe": -0.3377163689248626,
                        "theta": -0.09916458778823184,
                        "phi_v": -0.16786205805851312,
                        "phi_0": 0.16785218601538243,
                        "alpha": 0.05801698286411736
                    },
                    "value": 0.011119867010683793
                },
                "theta": {
                    "name": "theta",
                    "user_data": null,
                    "init_value": 0,
                    "min": -1.5707963267948966,
                    "max": 1.5707963267948966,
                    "brute_step": null,
                    "stderr": 0.003404518426162029,
                    "correl": {
                        "fr": -0.8003599544760922,
                        "Ql": 0.01683082342745239,
                        "Qe": -0.00039784149044693416,
                        "A": -0.09916458778823184,
                        "phi_v": 0.06617652440964461,
                        "phi_0": -0.0657791124610252,
                        "alpha": -0.5218565425520096
                    },
                    "value": 0.15511993917838063
                },
                "phi_v": {
                    "name": "phi_v",
                    "user_data": null,
                    "init_value": -1.1300460587201268e-07,
                    "min": -Infinity,
                    "max": Infinity,
                    "brute_step": null,
                    "stderr": 1.0391947268548669e-10,
                    "correl": {
                        "fr": -0.035276559554156754,
                        "Ql": 0.3970979107190204,
                        "Qe": 0.5215947651903594,
                        "A": -0.16786205805851312,
                        "theta": 0.06617652440964461,
                        "phi_0": -0.9999993437009808,
                        "alpha": -0.004095963762295262
                    },
                    "value": -7.156347154067445e-08
                },
                "phi_0": {
                    "name": "phi_0",
                    "user_data": null,
                    "init_value": 675.9601508102431,
                    "min": -Infinity,
                    "max": Infinity,
                    "brute_step": null,
                    "stderr": 0.6243948362183939,
                    "correl": {
                        "fr": 0.03481614465916032,
                        "Ql": -0.39715248365804157,
                        "Qe": -0.5216746037667102,
                        "A": 0.16785218601538243,
                        "theta": -0.0657791124610252,
                        "phi_v": -0.9999993437009808,
                        "alpha": 0.0038917591506193554
                    },
                    "value": 427.5463542384
                },
                "alpha": {
                    "name": "alpha",
                    "user_data": null,
                    "init_value": 0,
                    "min": -1,
                    "max": 1,
                    "brute_step": null,
                    "stderr": 0.7431890471034044,
                    "correl": {
                        "fr": 0.39724241452592635,
                        "Ql": 0.034176901164276824,
                        "Qe": 0.06453183521183099,
                        "A": 0.05801698286411736,
                        "theta": -0.5218565425520096,
                        "phi_v": -0.004095963762295262,
                        "phi_0": 0.0038917591506193554
                    },
                    "value": 0.99998857844137
                },
                "Qi": {
                    "name": "Qi",
                    "user_data": null,
                    "init_value": -55832.38000367567,
                    "min": -Infinity,
                    "max": Infinity,
                    "brute_step": null,
                    "stderr": 466.1902059529834,
                    "correl": null,
                    "value": 21641.39042096123
                },
                "Qc": {
                    "name": "Qc",
                    "user_data": null,
                    "init_value": 1105.5916832411092,