{
    "amplitude": {
        "__dtype__": "UFloat",
        "nominal_value": 878528.9582957806,
        "std_dev": 19701.249742745567
    },
    "frequency": {
        "__dtype__": "UFloat",
        "nominal_value": 10.585410239934403,
        "std_dev": 0.12326287046114265
    },
    "shift": {
        "__dtype__": "UFloat",
        "nominal_value": 0.6769440150802648,
        "std_dev": 0.022738247662221687
    },
    "offset": {
        "__dtype__": "UFloat",
        "nominal_value": 5719606666.666666,
        "std_dev": 124250.64274368712
    },
    "offset_0": {
        "__dtype__": "UFloat",
        "nominal_value": 0.08444191499942953,
        "std_dev": 0.0023624324365180242
    },
    "freq_0": 5720485195.624962,
    "fit_success": true,
    "fit_msg": "Summary:\nf_0: 5.7205 GHz\noffset_0: 84.4$\\pm$2.4 mV\n",
    "fit_result": {
        "sin": {
            "success": true,
            "message": "Fit succeeded.",
            "params": {
                "amplitude": {
                    "name": "amplitude",
                    "user_data": null,
                    "init_value": 870086.0859764866,
                    "min": 0,
                    "max": Infinity,
                    "brute_step": null,
                    "stderr": 19701.249742745567,
                    "correl": {
                        "frequency": 0.06263657363630432,
                        "shift": -0.06164990029628943
                    },
                    "value": 878528.9582957806
                },
                "frequency": {
                    "name": "frequency",
                    "user_data": null,
                    "init_value": 10.053096491487338,
                    "min": 0,
                    "max": Infinity,
                    "brute_step": null,
                    "stderr": 0.12326287046114265,
                    "correl": {
                        "amplitude": 0.06263657363630432,
                        "shift": -0.22750021696016068
                    },
                    "value": 10.585410239934403
                },
                "shift": {
                    "name": "shift",
                    "user_data": null,
                    "init_value": 0.5711986642890533,
                    "min": -6.283195307179586,
                    "max": 6.283195307179586,
                    "brute_step": null,
                    "stderr": 0.022738247662221687,
                    "correl": {
                        "amplitude": -0.06164990029628943,
                        "frequency": -0.22750021696016068
                    },
                    "value": 0.6769440150802648
                },
                "offset": {
                    "name": "offset",
                    "user_data": null,
                    "init_value": 5719606666.666666,
                    "min": -Infinity,
                    "max": Infinity,
                    "brute_step": null,
                    "stderr": 124250.64274368712,
                    "correl": null,
                    "value": 5719606666.666666
                }
            }
        }
    }
}