{
    "fit_success": true,
    "T1": {
        "__dtype__": "UFloat",
        "nominal_value": 7.920668221306215e-06,
        "std_dev": 4.18382172470093e-07
    },
    "fit_msg": "Summary\n$T1$: 7.92$\\pm$0.42 \u03bcs\namplitude: 365.6$\\pm$9.9 \u03bcV\noffset: 571.5$\\pm$3.4 \u03bcV",
    "fit_result": {
        "exp_decay_func": {
            "success": true,
            "message": "Fit succeeded.",
            "params": {
                "tau": {
                    "name": "tau",
                    "user_data": null,
                    "init_value": 2.524e-05,
                    "min": 0,
                    "max": Infinity,
                    "brute_step": null,
                    "stderr": 4.18382172470093e-07,
                    "correl": {
                        "amplitude": -0.4643640886457797,
                        "offset": -0.6548921443639141
                    },
                    "value": 7.920668221306215e-06
                },
                "amplitude": {
                    "name": "amplitude",
                    "user_data": null,
                    "init_value": 0.00040076184487519565,
                    "min": -Infinity,
                    "max": Infinity,
                    "brute_step": null,
                    "stderr": 9.891447665028215e-06,
                    "correl": {
                        "tau": -0.4643640886457797,
                        "offset": -0.06775830446141347
                    },
                    "value": 0.0003656199407784462
                },
                "offset": {
                    "name": "offset",
                    "user_data": null,
                    "init_value": 0.0005442386290861384,
                    "min": -Infinity,
                    "max": Infinity,
                    "brute_step": null,
                    "stderr": 3.370967108031336e-06,
                    "correl": {
                        "tau": -0.6548921443639141,
                        "amplitude": -0.06775830446141347
                    },
                    "value": 0.0005714799069908607
                },
                "n_factor": {
                    "name": "n_factor",
                    "user_data": null,
                    "init_value": 1,
                    "min": -Infinity,
                    "max": Infinity,
                    "brute_step": null,
                    "stderr": 0.0,
                    "correl": null,
                    "value": 1
                }
            }
        }
    }
}