{
    "fit_success": true,
    "Qi": {
        "__dtype__": "UFloat",
        "nominal_value": 17990.276631346205,
        "std_dev": 1119.7912517285413
    },
    "Qe": {
        "__dtype__": "UFloat",
        "nominal_value": 2673.834854600494,
        "std_dev": 27.60099841762573
    },
    "Ql": {
        "__dtype__": "UFloat",
        "nominal_value": 2896.1769939440546,
        "std_dev": 38.05169936337476
    },
    "Qc": {
        "__dtype__": "UFloat",
        "nominal_value": 3451.880307274935,
        "std_dev": 45.99283224109023
    },
    "fr": {
        "__dtype__": "UFloat",
        "nominal_value": 5837789681.482369,
        "std_dev": 13240.279711228479
    },
    "fit_msg": "Summary\n$Q_I$: 18.0$\\pm$1.1 k\n$Q_C$: 3.452$\\pm$0.046 k\n$f_{res}$: 5.837790$\\pm$1.3e-05 GHz",
    "fit_result": {
        "hanger_func_complex_SI": {
            "success": true,
            "message": "Fit succeeded.",
            "params": {
                "fr": {
                    "name": "fr",
                    "user_data": null,
                    "init_value": 5838498743.718593,
                    "min": 5828750000.0,
                    "max": 5848750000.0,
                    "brute_step": null,
                    "stderr": 13240.279711228479,
                    "correl": {
                        "Ql": 0.0002861952073114903,
                        "Qe": 0.08454017900481203,
                        "A": 0.26638240052899886,
                        "theta": -0.7977605191054701,
                        "phi_v": -0.2082108972405195,
                        "phi_0": 0.20785851417447831,
                        "alpha": 0.36437682004239463
                    },
                    "value": 5837789681.482369
                },
                "Ql": {
                    "name": "Ql",
                    "user_data": null,
                    "init_value": 1315.2826987020187,
                    "min": 29.192493718592967,
                    "max": 58093.06250003601,
                    "brute_step": null,
                    "stderr": 38.05169936337476,
                    "correl": {
                        "fr": 0.0002861952073114903,
                        "Qe": 0.7978296360262358,
                        "A": -0.3357728966872723,
                        "theta": 0.08403711642970067,
                        "phi_v": 0.36366021653105474,
                        "phi_0": -0.3638972884822229,
                        "alpha": 0.20724112766482936
                    },
                    "value": 2896.1769939440546
                },
                "Qe": {
                    "name": "Qe",
                    "user_data": null,
                    "init_value": 1289.2374967475232,
                    "min": 0,
                    "max": Infinity,
                    "brute_step": null,
                    "stderr": 27.60099841762573,
                    "correl": {
                        "fr": 0.08454017900481203,
                        "Ql": 0.7978296360262358,
                        "A": -0.18601872223273008,
                        "theta": -0.00019026112213365828,
                        "phi_v": 0.43575119524761463,
                        "phi_0": -0.4360850659516022,
                        "alpha": 0.3309167563141313
                    },
                    "value": 2673.834854600494
                },
                "A": {
                    "name": "A",
                    "user_data": null,
                    "init_value": 0.0073165828217206475,
                    "min": 0,
                    "max": Infinity,
                    "brute_step": null,
                    "stderr": 2.1622575679120707e-05,
                    "correl": {
                        "fr": 0.26638240052899886,
                        "Ql": -0.3357728966872723,
                        "Qe": -0.18601872223273008,
                        "theta": -0.36858849720330633,
                        "phi_v": -0.1877549797976018,
                        "phi_0": 0.18774066640103054,
                        "alpha": 0.07981745371035781
                    },
                    "value": 0.007896228095834346
                },
                "theta": {
                    "name": "theta",
                    "user_data": null,
                    "init_value": 0,
                    "min": -1.5707963267948966,
                    "max": 1.5707963267948966,
                    "brute_step": null,
                    "stderr": 0.010320460337291382,
                    "correl": {
                        "fr": -0.7977605191054701,
                        "Ql": 0.08403711642970067,
                        "Qe": -0.00019026112213365828,
                        "A": -0.36858849720330633,
                        "phi_v": 0.3323281046608686,
                        "phi_0": -0.3321124885076833,
                        "alpha": -0.43686363967213365
                    },
                    "value": 0.6847101033171854
                },
                "phi_v": {
                    "name": "phi_v",
                    "user_data": null,
                    "init_value": -1.0653204111106553e-07,
                    "min": -Infinity,
                    "max": Infinity,
                    "brute_step": null,
                    "stderr": 4.762332644054036e-10,
                    "correl": {
                        "fr": -0.2082108972405195,
                        "Ql": 0.36366021653105474,
                        "Qe": 0.43575119524761463,
                        "A": -0.1877549797976018,
                        "theta": 0.3323281046608686,
                        "phi_0": -0.9999995151966239,
                        "alpha": -0.003795963988488377
                    },
                    "value": -6.838820634934416e-08
                },
                "phi_0": {
                    "name": "phi_0",
                    "user_data": null,
                    "init_value": 618.315622071873,
                    "min": -Infinity,
                    "max": Infinity,
                    "brute_step": null,
                    "stderr": 2.7803713492394757,
                    "correl": {
                        "fr": 0.20785851417447831,
                        "Ql": -0.3638972884822229,
                        "Qe": -0.4360850659516022,
                        "A": 0.18774066640103054,
                        "theta": -0.3321124885076833,
                        "phi_v": -0.9999995151966239,
                        "alpha": 0.0035955155682510635
                    },
                    "value": 396.0760764412689
                },
                "alpha": {
                    "name": "alpha",
                    "user_data": null,
                    "init_value": 0,
                    "min": -1,
                    "max": 1,
                    "brute_step": null,
                    "stderr": 3.431503814740583,
                    "correl": {
                        "fr": 0.36437682004239463,
                        "Ql": 0.20724112766482936,
                        "Qe": 0.3309167563141313,
                        "A": 0.07981745371035781,
                        "theta": -0.43686363967213365,
                        "phi_v": -0.003795963988488377,
                        "phi_0": 0.0035955155682510635
                    },
                    "value": 0.9999628967652017
                },
                "Qi": {
                    "name": "Qi",
                    "user_data": null,
                    "init_value": -65106.49358574952,
                    "min": -Infinity,
                    "max": Infinity,
                    "brute_step": null,
                    "stderr": 1119.7912517285413,
                    "correl": null,
                    "value": 17990.276631346205
                },
                "Qc": {
                    "name": "Qc",
                    "user_data": null,
                    "init_value": 1289.2374967475232,