{
    "fit_success": true,
    "Qi": {
        "__dtype__": "UFloat",
        "nominal_value": 3127.1934228391383,
        "std_dev": 782.246010313333
    },
    "Qe": {
        "__dtype__": "UFloat",
        "nominal_value": 1778.8503633287748,
        "std_dev": 319.2131705986691
    },
    "Ql": {
        "__dtype__": "UFloat",
        "nominal_value": 2096.5564166701324,
        "std_dev": 330.44114666838794
    },
    "Qc": {
        "__dtype__": "UFloat",
        "nominal_value": 6361.441902025891,
        "std_dev": 4082.837944291233
    },
    "fr": {
        "__dtype__": "UFloat",
        "nominal_value": 6006377779.879785,
        "std_dev": 225830.20537081652
    },
    "fit_msg": "Summary\n$Q_I$: 3.13$\\pm$0.78 k\n$Q_C$: 6.4$\\pm$4.1 k\n$f_{res}$: 6.00638$\\pm$0.00023 GHz",
    "fit_result": {
        "hanger_func_complex_SI": {
            "success": true,
            "message": "Fit succeeded.",
            "params": {
                "fr": {
                    "name": "fr",
                    "user_data": null,
                    "init_value": 6008190954.7738695,
                    "min": 6000000000.0,
                    "max": 6010000000.0,
                    "brute_step": null,
                    "stderr": 225830.20537081652,
                    "correl": {
                        "Ql": 6.670572396677523e-05,
                        "Qe": 0.41825488319934734,
                        "A": 0.6679099387940316,
                        "theta": -0.7890934170212345,
                        "phi_v": -0.6374907655812062,
                        "phi_0": 0.637549958447348,
                        "alpha": -0.15369738095280439
                    },
                    "value": 6006377779.879785
                },
                "Ql": {
                    "name": "Ql",
                    "user_data": null,
                    "init_value": 2707.021088889152,
                    "min": 60.08190954773869,
                    "max": 119563.00000120865,
                    "brute_step": null,
                    "stderr": 330.44114666838794,
                    "correl": {
                        "fr": 6.670572396677523e-05,
                        "Qe": 0.7888587568452328,
                        "A": -0.3764755450852766,
                        "theta": 0.41784231379444464,
                        "phi_v": -0.15768751282013702,
                        "phi_0": 0.1572197085244026,
                        "alpha": 0.6383661974107843
                    },
                    "value": 2096.5564166701324
                },
                "Qe": {
                    "name": "Qe",
                    "user_data": null,
                    "init_value": 2653.4167108913466,
                    "min": 0,
                    "max": Infinity,
                    "brute_step": null,
                    "stderr": 319.2131705986691,
                    "correl": {
                        "fr": 0.41825488319934734,
                        "Ql": 0.7888587568452328,
                        "A": 0.10662173632261927,
                        "theta": -0.00042679238818892393,
                        "phi_v": -0.5725495663207718,
                        "phi_0": 0.5721489014723286,
                        "alpha": 0.4388014596109315
                    },
                    "value": 1778.8503633287748
                },
                "A": {
                    "name": "A",
                    "user_data": null,
                    "init_value": 0.008229137959200545,
                    "min": 0,
                    "max": Infinity,
                    "brute_step": null,
                    "stderr": 0.0006738863218318512,
                    "correl": {
                        "fr": 0.6679099387940316,
                        "Ql": -0.3764755450852766,
                        "Qe": 0.10662173632261927,
                        "theta": -0.8760018919331722,
                        "phi_v": -0.4946242052429815,
                        "phi_0": 0.49490601840275256,
                        "alpha": -0.7022672950899114
                    },
                    "value": 0.006547347936682435
                },
                "theta": {
                    "name": "theta",
                    "user_data": null,
                    "init_value": 0,
                    "min": -1.5707963267948966,
                    "max": 1.5707963267948966,
                    "brute_step": null,
                    "stderr": 0.17949343419064853,
                    "correl": {
                        "fr": -0.7890934170212345,
                        "Ql": 0.41784231379444464,
                        "Qe": -0.00042679238818892393,
                        "A": -0.8760018919331722,
                        "phi_v": 0.4355546913891016,
                        "phi_0": -0.4358990039417594,
                        "alpha": 0.5695728589993266
                    },
                    "value": 1.2873875529616243
                },
                "phi_v": {
                    "name": "phi_v",
                    "user_data": null,
                    "init_value": -3.1163936848144393e-07,
                    "min": -Infinity,
                    "max": Infinity,
                    "brute_step": null,
                    "stderr": 1.9332955484629485e-08,
                    "correl": {
                        "fr": -0.6374907655812062,
                        "Ql": -0.15768751282013702,
                        "Qe": -0.5725495663207718,
                        "A": -0.4946242052429815,
                        "theta": 0.4355546913891016,
                        "phi_0": -0.9999998193627864,
                        "alpha": -0.006488689454234583
                    },
                    "value": -1.1487108607000565e-07
                },
                "phi_0": {
                    "name": "phi_0",
                    "user_data": null,
                    "init_value": 1870.9456705791179,
                    "min": -Infinity,
                    "max": Infinity,
                    "brute_step": null,
                    "stderr": 116.04865095025252,
                    "correl": {
                        "fr": 0.637549958447348,
                        "Ql": 0.1572197085244026,
                        "Qe": 0.5721489014723286,
                        "A": 0.49490601840275256,
                        "theta": -0.4358990039417594,
                        "phi_v": -0.9999998193627864,
                        "alpha": 0.006090241303202485
                    },
                    "value": 698.3117744524644
                },
                "alpha": {
                    "name": "alpha",
                    "user_data": null,
                    "init_value": 0,
                    "min": -1,
                    "max": 1,
                    "brute_step": null,
                    "stderr": 105.90532906285313,
                    "correl": {
                        "fr": -0.15369738095280439,
                        "Ql": 0.6383661974107843,
                        "Qe": 0.4388014596109315,
                        "A": -0.7022672950899114,
                        "theta": 0.5695728589993266,
                        "phi_v": -0.006488689454234583,
                        "phi_0": 0.006090241303202485
                    },
                    "value": 0.9925341977478952
                },
                "Qi": {
                    "name": "Qi",
                    "user_data": null,
                    "init_value": -133997.5439000126,
                    "min": -Infinity,
                    "max": Infinity,
                    "brute_step": null,
                    "stderr": 782.246010313333,
                    "correl": null,
                    "value": 3127.1934228391383
                },
                "Qc": {
                    "name": "Qc",
                    "user_data": null,
                    "init_value": 2653.4167108913466,