{
    "fit_success": true,
    "T1": {
        "__dtype__": "UFloat",
        "nominal_value": 9.192523383383389e-06,
        "std_dev": 4.6618607568214774e-07
    },
    "fit_msg": "Summary\n$T1$: 9.19$\\pm$0.47 \u03bcs\namplitude: 369.1$\\pm$9.0 \u03bcV\noffset: 582.9$\\pm$3.6 \u03bcV",
    "fit_result": {
        "exp_decay_func": {
            "success": true,
            "message": "Fit succeeded.",
            "params": {
                "tau": {
                    "name": "tau",
                    "user_data": null,
                    "init_value": 2.524e-05,
                    "min": 0,
                    "max": Infinity,
                    "brute_step": null,
                    "stderr": 4.6618607568214774e-07,
                    "correl": {
                        "amplitude": -0.4119375557688522,
                        "offset": -0.7134445530381455
                    },
                    "value": 9.192523383383389e-06
                },
                "amplitude": {
                    "name": "amplitude",
                    "user_data": null,
                    "init_value": 0.0003279933735968665,
                    "min": -Infinity,
                    "max": Infinity,
                    "brute_step": null,
                    "stderr": 8.95371551580705e-06,
                    "correl": {
                        "tau": -0.4119375557688522,
                        "offset": -0.08737882243196554
                    },
                    "value": 0.00036912501462368794
                },
                "offset": {
                    "name": "offset",
                    "user_data": null,
                    "init_value": 0.0006145617476339221,
                    "min": -Infinity,
                    "max": Infinity,
                    "brute_step": null,
                    "stderr": 3.6256028944752835e-06,
                    "correl": {
                        "tau": -0.7134445530381455,
                        "amplitude": -0.08737882243196554
                    },
                    "value": 0.000582904465682491
                },
                "n_factor": {
                    "name": "n_factor",
                    "user_data": null,
                    "init_value": 1,
                    "min": -Infinity,
                    "max": Infinity,
                    "brute_step": null,
                    "stderr": 0.0,
                    "correl": null,
                    "value": 1
                }
            }
        }
    }
}