{
    "fit_success": true,
    "T1": {
        "__dtype__": "UFloat",
        "nominal_value": 9.011490740951089e-06,
        "std_dev": 4.959151950208911e-07
    },
    "fit_msg": "Summary\n$T1$: 9.01$\\pm$0.50 \u03bcs\namplitude: 358.2$\\pm$9.5 \u03bcV\noffset: 579.5$\\pm$3.8 \u03bcV",
    "fit_result": {
        "exp_decay_func": {
            "success": true,
            "message": "Fit succeeded.",
            "params": {
                "tau": {
                    "name": "tau",
                    "user_data": null,
                    "init_value": 2.524e-05,
                    "min": 0,
                    "max": Infinity,
                    "brute_step": null,
                    "stderr": 4.959151950208911e-07,
                    "correl": {
                        "amplitude": -0.42015480355607776,
                        "offset": -0.7056405790448721
                    },
                    "value": 9.011490740951089e-06
                },
                "amplitude": {
                    "name": "amplitude",
                    "user_data": null,
                    "init_value": 0.00036412921391728236,
                    "min": -Infinity,
                    "max": Infinity,
                    "brute_step": null,
                    "stderr": 9.525201192911008e-06,
                    "correl": {
                        "tau": -0.42015480355607776,
                        "offset": -0.08383656184285163
                    },
                    "value": 0.00035820555694819227
                },
                "offset": {
                    "name": "offset",
                    "user_data": null,
                    "init_value": 0.0005977305130668377,
                    "min": -Infinity,
                    "max": Infinity,
                    "brute_step": null,
                    "stderr": 3.763757353164016e-06,
                    "correl": {
                        "tau": -0.7056405790448721,
                        "amplitude": -0.08383656184285163
                    },
                    "value": 0.0005795253012777568
                },
                "n_factor": {
                    "name": "n_factor",
                    "user_data": null,
                    "init_value": 1,
                    "min": -Infinity,
                    "max": Infinity,
                    "brute_step": null,
                    "stderr": 0.0,
                    "correl": null,
                    "value": 1
                }
            }
        }
    }
}