{
    "fit_success": true,
    "Qi": {
        "__dtype__": "UFloat",
        "nominal_value": 9134.17435863659,
        "std_dev": 169.8295056170298
    },
    "Qe": {
        "__dtype__": "UFloat",
        "nominal_value": 9045.09705978882,
        "std_dev": 151.63482194818897
    },
    "Ql": {
        "__dtype__": "UFloat",
        "nominal_value": 4904.998329109282,
        "std_dev": 81.36444548980427
    },
    "Qc": {
        "__dtype__": "UFloat",
        "nominal_value": 10593.81535648989,
        "std_dev": 208.0116497141495
    },
    "fr": {
        "__dtype__": "UFloat",
        "nominal_value": 5719744968.026675,
        "std_dev": 9672.181589357473
    },
    "fit_msg": "Summary\n$Q_I$: 9.13$\\pm$0.17 k\n$Q_C$: 10.59$\\pm$0.21 k\n$f_{res}$: 5.7197450$\\pm$9.7e-06 GHz",
    "fit_result": {
        "hanger_func_complex_SI": {
            "success": true,
            "message": "Fit succeeded.",
            "params": {
                "fr": {
                    "name": "fr",
                    "user_data": null,
                    "init_value": 5719998241.20603,
                    "min": 5718350000.0,
                    "max": 5722350000.0,
                    "brute_step": null,
                    "stderr": 9672.181589357473,
                    "correl": {
                        "Ql": 2.6030012534738245e-05,
                        "Qe": 0.14621350173377967,
                        "A": 0.39260951112299186,
                        "theta": -0.9132502256144073,
                        "phi_v": 0.02241434845740673,
                        "phi_0": -0.02260516641044815,
                        "alpha": 0.6621231879772672
                    },
                    "value": 5719744968.026675
                },
                "Ql": {
                    "name": "Ql",
                    "user_data": null,
                    "init_value": 6442.935978589952,
                    "min": 142.99995603015074,
                    "max": 284569.9125082773,
                    "brute_step": null,
                    "stderr": 81.36444548980427,
                    "correl": {
                        "fr": 2.6030012534738245e-05,
                        "Qe": 0.9132487316622988,
                        "A": -0.6848484803235741,
                        "theta": 0.14620491816459324,
                        "phi_v": 0.6622581604297461,
                        "phi_0": -0.6622769633188086,
                        "alpha": -0.02599813260823348
                    },
                    "value": 4904.998329109282
                },
                "Qe": {
                    "name": "Qe",
                    "user_data": null,
                    "init_value": 6315.353087924805,
                    "min": 0,
                    "max": Infinity,
                    "brute_step": null,
                    "stderr": 151.63482194818897,
                    "correl": {
                        "fr": 0.14621350173377967,
                        "Ql": 0.9132487316622988,
                        "A": -0.621921019765294,
                        "theta": 2.0458245805558033e-05,
                        "phi_v": 0.7711280959679497,
                        "phi_0": -0.7711818455343157,
                        "alpha": 0.13130980622919816
                    },
                    "value": 9045.09705978882
                },
                "A": {
                    "name": "A",
                    "user_data": null,
                    "init_value": 0.0034082316751511323,
                    "min": 0,
                    "max": Infinity,
                    "brute_step": null,
                    "stderr": 1.5142394923507377e-05,
                    "correl": {
                        "fr": 0.39260951112299186,
                        "Ql": -0.6848484803235741,
                        "Qe": -0.621921019765294,
                        "theta": -0.568644532822742,
                        "phi_v": -0.5410247591039816,
                        "phi_0": 0.540948258422941,
                        "alpha": 0.4935103233634789
                    },
                    "value": 0.004082353296943619
                },
                "theta": {
                    "name": "theta",
                    "user_data": null,
                    "init_value": 0,
                    "min": -1.5707963267948966,
                    "max": 1.5707963267948966,
                    "brute_step": null,
                    "stderr": 0.016765227007558548,
                    "correl": {
                        "fr": -0.9132502256144073,
                        "Ql": 0.14620491816459324,
                        "Qe": 2.0458245805558033e-05,
                        "A": -0.568644532822742,
                        "phi_v": 0.13550242769659337,
                        "phi_0": -0.1353068355100754,
                        "alpha": -0.7718323903009432
                    },
                    "value": 0.5475372098832016
                },
                "phi_v": {
                    "name": "phi_v",
                    "user_data": null,
                    "init_value": -9.194315989465736e-08,
                    "min": -Infinity,
                    "max": Infinity,
                    "brute_step": null,
                    "stderr": 2.348075630779382e-09,
                    "correl": {
                        "fr": 0.02241434845740673,
                        "Ql": 0.6622581604297461,
                        "Qe": 0.7711280959679497,
                        "A": -0.5410247591039816,
                        "theta": 0.13550242769659337,
                        "phi_0": -0.9999999699386876,
                        "alpha": -0.005316976341410831
                    },
                    "value": -9.033422810771146e-08
                },
                "phi_0": {
                    "name": "phi_0",
                    "user_data": null,
                    "init_value": 524.1455857144869,
                    "min": -Infinity,
                    "max": Infinity,
                    "brute_step": null,
                    "stderr": 13.432219307710342,
                    "correl": {
                        "fr": -0.02260516641044815,
                        "Ql": -0.6622769633188086,
                        "Qe": -0.7711818455343157,
                        "A": 0.540948258422941,
                        "theta": -0.1353068355100754,
                        "phi_v": -0.9999999699386876,
                        "alpha": 0.005160336216522819
                    },
                    "value": 515.1657745801962
                },
                "alpha": {
                    "name": "alpha",
                    "user_data": null,
                    "init_value": 0,
                    "min": -1,
                    "max": 1,
                    "brute_step": null,
                    "stderr": 14.64863158014941,
                    "correl": {
                        "fr": 0.6621231879772672,
                        "Ql": -0.02599813260823348,
                        "Qe": 0.13130980622919816,
                        "A": 0.4935103233634789,
                        "theta": -0.7718323903009432,
                        "phi_v": -0.005316976341410831,
                        "phi_0": 0.005160336216522819
                    },
                    "value": -0.9991365281068035
                },
                "Qi": {
                    "name": "Qi",
                    "user_data": null,
                    "init_value": -318925.3309402024,
                    "min": -Infinity,
                    "max": Infinity,
                    "brute_step": null,
                    "stderr": 169.8295056170298,
                    "correl": null,
                    "value": 9134.17435863659
                },
                "Qc": {
                    "name": "Qc",
                    "user_data": null,
                    "init_value": 6315.353087924805,
                    "min": -Infinity,