{
    "fit_success": true,
    "Qi": {
        "__dtype__": "UFloat",
        "nominal_value": 19552.346773023422,
        "std_dev": 175.81422168512947
    },
    "Qe": {
        "__dtype__": "UFloat",
        "nominal_value": 3158.441276730516,
        "std_dev": 6.79324857162473
    },
    "Ql": {
        "__dtype__": "UFloat",
        "nominal_value": 2752.9155608409724,
        "std_dev": 7.015609717862376
    },
    "Qc": {
        "__dtype__": "UFloat",
        "nominal_value": 3204.034648707747,
        "std_dev": 6.990312085974679
    },
    "fr": {
        "__dtype__": "UFloat",
        "nominal_value": 6008019903.283642,
        "std_dev": 2781.094796472105
    },
    "fit_msg": "Summary\n$Q_I$: 19.55$\\pm$0.18 k\n$Q_C$: 3.2040$\\pm$0.0070 k\n$f_{res}$: 6.0080199$\\pm$2.8e-06 GHz",
    "fit_result": {
        "hanger_func_complex_SI": {
            "success": true,
            "message": "Fit succeeded.",
            "params": {
                "fr": {
                    "name": "fr",
                    "user_data": null,
                    "init_value": 6008173366.834171,
                    "min": 6003500000.0,
                    "max": 6013500000.0,
                    "brute_step": null,
                    "stderr": 2781.094796472105,
                    "correl": {
                        "Ql": 0.00037028552874914027,
                        "Qe": 0.051205132660789986,
                        "A": 0.1316221966811555,
                        "theta": -0.8838260234616778,
                        "phi_v": 0.004073955715502552,
                        "phi_0": -0.004399712194458346,
                        "alpha": -0.5845424903422718
                    },
                    "value": 6008019903.283642
                },
                "Ql": {
                    "name": "Ql",
                    "user_data": null,
                    "init_value": 2707.0131645531865,
                    "min": 60.08173366834171,
                    "max": 119562.65000120866,
                    "brute_step": null,
                    "stderr": 7.015609717862376,
                    "correl": {
                        "fr": 0.00037028552874914027,
                        "Qe": 0.8838079018679618,
                        "A": -0.6333493136009544,
                        "theta": 0.05041359794348895,
                        "phi_v": 0.5845258313191859,
                        "phi_0": -0.5845421562605781,
                        "alpha": 0.006115772056570668
                    },
                    "value": 2752.9155608409724
                },
                "Qe": {
                    "name": "Qe",
                    "user_data": null,
                    "init_value": 2653.408943472925,
                    "min": 0,
                    "max": Infinity,
                    "brute_step": null,
                    "stderr": 6.79324857162473,
                    "correl": {
                        "fr": 0.051205132660789986,
                        "Ql": 0.8838079018679618,
                        "A": -0.5780169155436179,
                        "theta": -0.00041791082956281006,
                        "phi_v": 0.7107306084432992,
                        "phi_0": -0.710768921858538,
                        "alpha": -0.05382631118195029
                    },
                    "value": 3158.441276730516
                },
                "A": {
                    "name": "A",
                    "user_data": null,
                    "init_value": 0.009187725237795059,
                    "min": 0,
                    "max": Infinity,
                    "brute_step": null,
                    "stderr": 7.166547211378857e-06,
                    "correl": {
                        "fr": 0.1316221966811555,
                        "Ql": -0.6333493136009544,
                        "Qe": -0.5780169155436179,
                        "theta": -0.195372743257182,
                        "phi_v": -0.3864238082935009,
                        "phi_0": 0.3863892204428218,
                        "alpha": -0.17198805785463908
                    },
                    "value": 0.011288656598932967
                },
                "theta": {
                    "name": "theta",
                    "user_data": null,
                    "init_value": 0,
                    "min": -1.5707963267948966,
                    "max": 1.5707963267948966,
                    "brute_step": null,
                    "stderr": 0.0021508831094108555,
                    "correl": {
                        "fr": -0.8838260234616778,
                        "Ql": 0.05041359794348895,
                        "Qe": -0.00041791082956281006,
                        "A": -0.195372743257182,
                        "phi_v": 0.05638392467768073,
                        "phi_0": -0.05607920416027196,
                        "alpha": 0.7109985498428318
                    },
                    "value": 0.16890153693995225
                },
                "phi_v": {
                    "name": "phi_v",
                    "user_data": null,
                    "init_value": -1.736821144084342e-07,
                    "min": -Infinity,
                    "max": Infinity,
                    "brute_step": null,
                    "stderr": 2.100339472737958e-10,
                    "correl": {
                        "fr": 0.004073955715502552,
                        "Ql": 0.5845258313191859,
                        "Qe": 0.7107306084432992,
                        "A": -0.3864238082935009,
                        "theta": 0.05638392467768073,
                        "phi_0": -0.9999998745735041,
                        "alpha": 0.004215509872863472
                    },
                    "value": -7.363269298692797e-08
                },
                "phi_0": {
                    "name": "phi_0",
                    "user_data": null,
                    "init_value": 1040.2428477219985,
                    "min": -Infinity,
                    "max": Infinity,
                    "brute_step": null,
                    "stderr": 1.2619971973458295,
                    "correl": {
                        "fr": -0.004399712194458346,
                        "Ql": -0.5845421562605781,
                        "Qe": -0.710768921858538,
                        "A": 0.3863892204428218,
                        "theta": -0.05607920416027196,
                        "phi_v": -0.9999998745735041,
                        "alpha": -0.00400831265295625
                    },
                    "value": 439.7983354863724
                },
                "alpha": {
                    "name": "alpha",
                    "user_data": null,
                    "init_value": 0,
                    "min": -1,
                    "max": 1,
                    "brute_step": null,
                    "stderr": 0.7994139003225517,
                    "correl": {
                        "fr": -0.5845424903422718,
                        "Ql": 0.006115772056570668,
                        "Qe": -0.05382631118195029,
                        "A": -0.17198805785463908,
                        "theta": 0.7109985498428318,
                        "phi_v": 0.004215509872863472,
                        "phi_0": -0.00400831265295625
                    },
                    "value": 0.999991323612905
                },
                "Qi": {
                    "name": "Qi",
                    "user_data": null,
                    "init_value": -133997.1516453821,
                    "min": -Infinity,
                    "max": Infinity,
                    "brute_step": null,
                    "stderr": 175.81422168512947,
                    "correl": null,
                    "value": 19552.346773023422
                },
                "Qc": {
                    "name": "Qc",
                    "user_data": null,
                    "init_value": 2653.408943472925,