{
    "fit_success": true,
    "Qi": {
        "__dtype__": "UFloat",
        "nominal_value": 84.91103692913408,
        "std_dev": 116998.10268192142
    },
    "Qe": {
        "__dtype__": "UFloat",
        "nominal_value": 5343.062652169285,
        "std_dev": 21763747.214995027
    },
    "Ql": {
        "__dtype__": "UFloat",
        "nominal_value": 84.86697573806077,
        "std_dev": 116510.23061089667
    },
    "Qc": {
        "__dtype__": "UFloat",
        "nominal_value": 163548.52729628008,
        "std_dev": 20502423821.936237
    },
    "fr": {
        "__dtype__": "UFloat",
        "nominal_value": 6015949060.709439,
        "std_dev": 49678036410.44518
    },
    "fit_msg": "Summary\n$Q_I$: 85.$\\pm$1.2e+05 \n$Q_C$: 1.6e+02$\\pm$2.1e+07 k\n$f_{res}$: 6$\\pm$50 GHz",
    "fit_result": {
        "hanger_func_complex_SI": {
            "success": true,
            "message": "Fit succeeded.",
            "params": {
                "fr": {
                    "name": "fr",
                    "user_data": null,
                    "init_value": 6008500000.0,
                    "min": 6008500000.0,
                    "max": 6018500000.0,
                    "brute_step": null,
                    "stderr": 49678036410.44518,
                    "correl": {
                        "Ql": 0.025699570652124595,
                        "Qe": -0.04275638813552123,
                        "A": 0.998484771215585,
                        "theta": -0.9984846562250952,
                        "phi_v": -0.9839049841596264,
                        "phi_0": 0.9857631617580956,
                        "alpha": -0.16334683475463832
                    },
                    "value": 6015949060.709439
                },
                "Ql": {
                    "name": "Ql",
                    "user_data": null,
                    "init_value": 2707.160330792556,
                    "min": 60.08500000000001,
                    "max": 119569.15000120872,
                    "brute_step": null,
                    "stderr": 116510.23061089667,
                    "correl": {
                        "fr": 0.025699570652124595,
                        "Qe": 0.9973694441420283,
                        "A": 0.07160950829657388,
                        "theta": -0.07522666052315383,
                        "phi_v": -0.18908066869899895,
                        "phi_0": 0.17754267652234537,
                        "alpha": 0.9794482307730761
                    },
                    "value": 84.86697573806077
                },
                "Qe": {
                    "name": "Qe",
                    "user_data": null,
                    "init_value": 2653.5531955293372,
                    "min": 0,
                    "max": Infinity,
                    "brute_step": null,
                    "stderr": 21763747.214995027,
                    "correl": {
                        "fr": -0.04275638813552123,
                        "Ql": 0.9973694441420283,
                        "A": 0.0031987643538268044,
                        "theta": -0.006828053600748739,
                        "phi_v": -0.12180373288893304,
                        "phi_0": 0.11013870870603315,
                        "alpha": 0.9914682938501602
                    },
                    "value": 5343.062652169285
                },
                "A": {
                    "name": "A",
                    "user_data": null,
                    "init_value": 0.009625803676477411,
                    "min": 0,
                    "max": Infinity,
                    "brute_step": null,
                    "stderr": 0.4917511145430072,
                    "correl": {
                        "fr": 0.998484771215585,
                        "Ql": 0.07160950829657388,
                        "Qe": 0.0031987643538268044,
                        "theta": -0.999972920989624,
                        "phi_v": -0.9920712462186129,
                        "phi_0": 0.9933965728598273,
                        "alpha": -0.11820440019769049
                    },
                    "value": 0.009577112368444274
                },
                "theta": {
                    "name": "theta",
                    "user_data": null,
                    "init_value": 0,
                    "min": -1.5707963267948966,
                    "max": 1.5707963267948966,
                    "brute_step": null,
                    "stderr": 4096.3882244118,
                    "correl": {
                        "fr": -0.9984846562250952,
                        "Ql": -0.07522666052315383,
                        "Qe": -0.006828053600748739,
                        "A": -0.999972920989624,
                        "phi_v": 0.9922204663016142,
                        "phi_0": -0.9935030983043546,
                        "alpha": 0.11453973305973265
                    },
                    "value": 1.5381209267731308
                },
                "phi_v": {
                    "name": "phi_v",
                    "user_data": null,
                    "init_value": -1.2709748883408447e-07,
                    "min": -Infinity,
                    "max": Infinity,
                    "brute_step": null,
                    "stderr": 6.05811116493137e-07,
                    "correl": {
                        "fr": -0.9839049841596264,
                        "Ql": -0.18908066869899895,
                        "Qe": -0.12180373288893304,
                        "A": -0.9920712462186129,
                        "theta": 0.9922204663016142,
                        "phi_0": -0.9999310255754035,
                        "alpha": -0.0005086460867166295
                    },
                    "value": -1.1026313360633083e-07
                },
                "phi_0": {
                    "name": "phi_0",
                    "user_data": null,
                    "init_value": 765.8010763736274,
                    "min": -Infinity,
                    "max": Infinity,
                    "brute_step": null,
                    "stderr": 3640.150992489069,
                    "correl": {
                        "fr": 0.9857631617580956,
                        "Ql": 0.17754267652234537,
                        "Qe": 0.11013870870603315,
                        "A": 0.9933965728598273,
                        "theta": -0.9935030983043546,
                        "phi_v": -0.9999310255754035,
                        "alpha": -0.011228725043601135
                    },
                    "value": 664.2657299780841
                },
                "alpha": {
                    "name": "alpha",
                    "user_data": null,
                    "init_value": 0,
                    "min": -1,
                    "max": 1,
                    "brute_step": null,
                    "stderr": 3773.3727489753464,
                    "correl": {
                        "fr": -0.16334683475463832,
                        "Ql": 0.9794482307730761,
                        "Qe": 0.9914682938501602,
                        "A": -0.11820440019769049,
                        "theta": 0.11453973305973265,
                        "phi_v": -0.0005086460867166295,
                        "phi_0": -0.011228725043601135
                    },
                    "value": 0.9976012378483228
                },
                "Qi": {
                    "name": "Qi",
                    "user_data": null,
                    "init_value": -134004.43637423127,
                    "min": -Infinity,
                    "max": Infinity,
                    "brute_step": null,
                    "stderr": 116998.10268192142,
                    "correl": null,
                    "value": 84.91103692913408
                },
                "Qc": {
                    "name": "Qc",
                    "user_data": null,
                    "init_value": 2653.5531955293372,
                    "min": -Infinity,