{
    "fit_success": true,
    "Qi": {
        "__dtype__": "UFloat",
        "nominal_value": 15479.191754621786,
        "std_dev": 155.21697960341746
    },
    "Qe": {
        "__dtype__": "UFloat",
        "nominal_value": 4065.383656993309,
        "std_dev": 12.777327976954922
    },
    "Ql": {
        "__dtype__": "UFloat",
        "nominal_value": 3480.3245129110855,
        "std_dev": 13.148182060985665
    },
    "Qc": {
        "__dtype__": "UFloat",
        "nominal_value": 4489.808030910477,
        "std_dev": 15.58248002178489
    },
    "fr": {
        "__dtype__": "UFloat",
        "nominal_value": 5913461263.951163,
        "std_dev": 3209.4329459757405
    },
    "fit_msg": "Summary\n$Q_I$: 15.48$\\pm$0.16 k\n$Q_C$: 4.490$\\pm$0.016 k\n$f_{res}$: 5.9134613$\\pm$3.2e-06 GHz",
    "fit_result": {
        "hanger_func_complex_SI": {
            "success": true,
            "message": "Fit succeeded.",
            "params": {
                "fr": {
                    "name": "fr",
                    "user_data": null,
                    "init_value": 5913774371.859297,
                    "min": 5908900000.0,
                    "max": 5918900000.0,
                    "brute_step": null,
                    "stderr": 3209.4329459757405,
                    "correl": {
                        "Ql": 0.000279461274361647,
                        "Qe": 0.07991378877866415,
                        "A": 0.23577318159327695,
                        "theta": -0.8551798709630167,
                        "phi_v": -0.14653379521834303,
                        "phi_0": 0.14626017655709686,
                        "alpha": 0.5069213355438763
                    },
                    "value": 5913461263.951163
                },
                "Ql": {
                    "name": "Ql",
                    "user_data": null,
                    "init_value": 2664.481215736899,
                    "min": 59.13774371859297,
                    "max": 117684.11000118966,
                    "brute_step": null,
                    "stderr": 13.148182060985665,
                    "correl": {
                        "fr": 0.000279461274361647,
                        "Qe": 0.8551911770428889,
                        "A": -0.5248557331619618,
                        "theta": 0.07934678183810626,
                        "phi_v": 0.5063055553513217,
                        "phi_0": -0.5064017564138412,
                        "alpha": 0.14478687938306997
                    },
                    "value": 3480.3245129110855
                },
                "Qe": {
                    "name": "Qe",
                    "user_data": null,
                    "init_value": 2611.7192114648806,
                    "min": 0,
                    "max": Infinity,
                    "brute_step": null,
                    "stderr": 12.777327976954922,
                    "correl": {
                        "fr": 0.07991378877866415,
                        "Ql": 0.8551911770428889,
                        "A": -0.44732598120183126,
                        "theta": -0.00028164071297623696,
                        "phi_v": 0.608985255094301,
                        "phi_0": -0.609126728104008,
                        "alpha": 0.25334108476075407
                    },
                    "value": 4065.383656993309
                },
                "A": {
                    "name": "A",
                    "user_data": null,
                    "init_value": 0.008644151390721022,
                    "min": 0,
                    "max": Infinity,
                    "brute_step": null,
                    "stderr": 8.111020249937927e-06,
                    "correl": {
                        "fr": 0.23577318159327695,
                        "Ql": -0.5248557331619618,
                        "Qe": -0.44732598120183126,
                        "theta": -0.33375091982576277,
                        "phi_v": -0.33152748017530126,
                        "phi_0": 0.3315121718898643,
                        "alpha": 0.09271130007325737
                    },
                    "value": 0.010007628922094502
                },
                "theta": {
                    "name": "theta",
                    "user_data": null,
                    "init_value": 0,
                    "min": -1.5707963267948966,
                    "max": 1.5707963267948966,
                    "brute_step": null,
                    "stderr": 0.003142598732524596,
                    "correl": {
                        "fr": -0.8551798709630167,
                        "Ql": 0.07934678183810626,
                        "Qe": -0.00028164071297623696,
                        "A": -0.33375091982576277,
                        "phi_v": 0.2555382254479082,
                        "phi_0": -0.2552972049542004,
                        "alpha": -0.6100411309574177
                    },
                    "value": 0.4383119716758883
                },
                "phi_v": {
                    "name": "phi_v",
                    "user_data": null,
                    "init_value": -1.659448205729816e-07,
                    "min": -Infinity,
                    "max": Infinity,
                    "brute_step": null,
                    "stderr": 2.7497301619498986e-10,
                    "correl": {
                        "fr": -0.14653379521834303,
                        "Ql": 0.5063055553513217,
                        "Qe": 0.608985255094301,
                        "A": -0.33152748017530126,
                        "theta": 0.2555382254479082,
                        "phi_0": -0.9999998750166064,
                        "alpha": -0.0041043720129999685
                    },
                    "value": -7.229155632952787e-08
                },
                "phi_0": {
                    "name": "phi_0",
                    "user_data": null,
                    "init_value": 978.5520602280343,
                    "min": -Infinity,
                    "max": Infinity,
                    "brute_step": null,
                    "stderr": 1.626117398779421,
                    "correl": {
                        "fr": 0.14626017655709686,
                        "Ql": -0.5064017564138412,
                        "Qe": -0.609126728104008,
                        "A": 0.3315121718898643,
                        "theta": -0.2552972049542004,
                        "phi_v": -0.9999998750166064,
                        "alpha": 0.003928403056066499
                    },
                    "value": 425.3242608320007
                },
                "alpha": {
                    "name": "alpha",
                    "user_data": null,
                    "init_value": 0,
                    "min": -1,
                    "max": 1,
                    "brute_step": null,
                    "stderr": 1.5720801837427603,
                    "correl": {
                        "fr": 0.5069213355438763,
                        "Ql": 0.14478687938306997,
                        "Qe": 0.25334108476075407,
                        "A": 0.09271130007325737,
                        "theta": -0.6100411309574177,
                        "phi_v": -0.0041043720129999685,
                        "phi_0": 0.003928403056066499
                    },
                    "value": 0.9999475661474335
                },
                "Qi": {
                    "name": "Qi",
                    "user_data": null,
                    "init_value": -131891.82017897486,
                    "min": -Infinity,
                    "max": Infinity,
                    "brute_step": null,
                    "stderr": 155.21697960341746,
                    "correl": null,
                    "value": 15479.191754621786
                },
                "Qc": {
                    "name": "Qc",
                    "user_data": null,
                    "init_value": 2611.7192114648806,