{
    "fit_success": true,
    "Qi": {
        "__dtype__": "UFloat",
        "nominal_value": 14869.016029184619,
        "std_dev": 119.73972523444554
    },
    "Qe": {
        "__dtype__": "UFloat",
        "nominal_value": 4022.57508472732,
        "std_dev": 19.250683909317676
    },
    "Ql": {
        "__dtype__": "UFloat",
        "nominal_value": 3427.41139957859,
        "std_dev": 16.82530732491467
    },
    "Qc": {
        "__dtype__": "UFloat",
        "nominal_value": 4454.116069268419,
        "std_dev": 23.602859051092032
    },
    "fr": {
        "__dtype__": "UFloat",
        "nominal_value": 5913450626.477157,
        "std_dev": 4235.393148144187
    },
    "fit_msg": "Summary\n$Q_I$: 14.87$\\pm$0.12 k\n$Q_C$: 4.454$\\pm$0.024 k\n$f_{res}$: 5.9134506$\\pm$4.2e-06 GHz",
    "fit_result": {
        "hanger_func_complex_SI": {
            "success": true,
            "message": "Fit succeeded.",
            "params": {
                "fr": {
                    "name": "fr",
                    "user_data": null,
                    "init_value": 5913789447.236181,
                    "min": 5911900000.0,
                    "max": 5915900000.0,
                    "brute_step": null,
                    "stderr": 4235.393148144187,
                    "correl": {
                        "Ql": 2.2126922360653412e-05,
                        "Qe": 0.20804021801237746,
                        "A": 0.3038620381110801,
                        "theta": -0.9322218318879659,
                        "phi_v": -0.0014343708266752243,
                        "phi_0": 0.0012148265744232145,
                        "alpha": 0.7505870598540245
                    },
                    "value": 5913450626.477157
                },
                "Ql": {
                    "name": "Ql",
                    "user_data": null,
                    "init_value": 6661.220020125382,
                    "min": 147.84473618090453,
                    "max": 294211.0250085578,
                    "brute_step": null,
                    "stderr": 16.82530732491467,
                    "correl": {
                        "fr": 2.2126922360653412e-05,
                        "Qe": 0.9322056039365316,
                        "A": -0.8144238284453656,
                        "theta": 0.20797613903972312,
                        "phi_v": 0.7505782632489022,
                        "phi_0": -0.7505961128658065,
                        "alpha": -0.002109909125690706
                    },
                    "value": 3427.41139957859
                },
                "Qe": {
                    "name": "Qe",
                    "user_data": null,
                    "init_value": 6529.314673192206,
                    "min": 0,
                    "max": Infinity,
                    "brute_step": null,
                    "stderr": 19.250683909317676,
                    "correl": {
                        "fr": 0.20804021801237746,
                        "Ql": 0.9322056039365316,
                        "A": -0.7076502685035349,
                        "theta": -4.3719558878182095e-05,
                        "phi_v": 0.8113841990691338,
                        "phi_0": -0.8114524782875949,
                        "alpha": 0.20721832960433512
                    },
                    "value": 4022.57508472732
                },
                "A": {
                    "name": "A",
                    "user_data": null,
                    "init_value": 0.006912372953326831,
                    "min": 0,
                    "max": Infinity,
                    "brute_step": null,
                    "stderr": 1.890279812910797e-05,
                    "correl": {
                        "fr": 0.3038620381110801,
                        "Ql": -0.8144238284453656,
                        "Qe": -0.7076502685035349,
                        "theta": -0.5087035409527972,
                        "phi_v": -0.6494414555625511,
                        "phi_0": 0.649385339923418,
                        "alpha": 0.31723685199798995
                    },
                    "value": 0.01001060209128446
                },
                "theta": {
                    "name": "theta",
                    "user_data": null,
                    "init_value": 0,
                    "min": -1.5707963267948966,
                    "max": 1.5707963267948966,
                    "brute_step": null,
                    "stderr": 0.004786323605590979,
                    "correl": {
                        "fr": -0.9322218318879659,
                        "Ql": 0.20797613903972312,
                        "Qe": -4.3719558878182095e-05,
                        "A": -0.5087035409527972,
                        "phi_v": 0.21100841932883882,
                        "phi_0": -0.21079882388724744,
                        "alpha": -0.8123764047202147
                    },
                    "value": 0.443828998240102
                },
                "phi_v": {
                    "name": "phi_v",
                    "user_data": null,
                    "init_value": -1.3965878160429717e-07,
                    "min": -Infinity,
                    "max": Infinity,
                    "brute_step": null,
                    "stderr": 1.2319965676194593e-09,
                    "correl": {
                        "fr": -0.0014343708266752243,
                        "Ql": 0.7505782632489022,
                        "Qe": 0.8113841990691338,
                        "A": -0.6494414555625511,
                        "theta": 0.21100841932883882,
                        "phi_0": -0.9999999677853934,
                        "alpha": -0.004635671292711704
                    },
                    "value": -7.545222073618537e-08
                },
                "phi_0": {
                    "name": "phi_0",
                    "user_data": null,
                    "init_value": 823.0658903620815,
                    "min": -Infinity,
                    "max": Infinity,
                    "brute_step": null,
                    "stderr": 7.285946958374683,
                    "correl": {
                        "fr": 0.0012148265744232145,
                        "Ql": -0.7505961128658065,
                        "Qe": -0.8114524782875949,
                        "A": 0.649385339923418,
                        "theta": -0.21079882388724744,
                        "phi_v": -0.9999999677853934,
                        "alpha": 0.004456182800607914
                    },
                    "value": 443.9115532552621
                },
                "alpha": {
                    "name": "alpha",
                    "user_data": null,
                    "init_value": 0,
                    "min": -1,
                    "max": 1,
                    "brute_step": null,
                    "stderr": 9.539689362772458,
                    "correl": {
                        "fr": 0.7505870598540245,
                        "Ql": -0.002109909125690706,
                        "Qe": 0.20721832960433512,
                        "A": 0.31723685199798995,
                        "theta": -0.8123764047202147,
                        "phi_v": -0.004635671292711704,
                        "phi_0": 0.004456182800607914
                    },
                    "value": -0.999594342399456
                },
                "Qi": {
                    "name": "Qi",
                    "user_data": null,
                    "init_value": -329730.3909962057,
                    "min": -Infinity,
                    "max": Infinity,
                    "brute_step": null,
                    "stderr": 119.73972523444554,
                    "correl": null,
                    "value": 14869.016029184619
                },
                "Qc": {
                    "name": "Qc",
                    "user_data": null,
                    "init_value": 6529.314673192206,