{
    "fit_success": true,
    "Qi": {
        "__dtype__": "UFloat",
        "nominal_value": 11151.815656017829,
        "std_dev": 185.03792586489007
    },
    "Qe": {
        "__dtype__": "UFloat",
        "nominal_value": 7966.396390151944,
        "std_dev": 68.9311765348015
    },
    "Ql": {
        "__dtype__": "UFloat",
        "nominal_value": 5381.672610028879,
        "std_dev": 57.04880616189199
    },
    "Qc": {
        "__dtype__": "UFloat",
        "nominal_value": 10401.028256968677,
        "std_dev": 117.50476508586785
    },
    "fr": {
        "__dtype__": "UFloat",
        "nominal_value": 5719755595.354522,
        "std_dev": 5633.749147933486
    },
    "fit_msg": "Summary\n$Q_I$: 11.15$\\pm$0.19 k\n$Q_C$: 10.40$\\pm$0.12 k\n$f_{res}$: 5.7197556$\\pm$5.6e-06 GHz",
    "fit_result": {
        "hanger_func_complex_SI": {
            "success": true,
            "message": "Fit succeeded.",
            "params": {
                "fr": {
                    "name": "fr",
                    "user_data": null,
                    "init_value": 5720123869.346734,
                    "min": 5715350000.0,
                    "max": 5725350000.0,
                    "brute_step": null,
                    "stderr": 5633.749147933486,
                    "correl": {
                        "Ql": 4.671814368215823e-05,
                        "Qe": 0.06224879042668386,
                        "A": 0.30967330479961247,
                        "theta": -0.8162351985829605,
                        "phi_v": -0.20469257277679648,
                        "phi_0": 0.20449499621736575,
                        "alpha": 0.3789060704345346
                    },
                    "value": 5719755595.354522
                },
                "Ql": {
                    "name": "Ql",
                    "user_data": null,
                    "init_value": 2577.230993811284,
                    "min": 57.20123869346734,
                    "max": 113830.46500115072,
                    "brute_step": null,
                    "stderr": 57.04880616189199,
                    "correl": {
                        "fr": 4.671814368215823e-05,
                        "Qe": 0.8161936226098792,
                        "A": -0.34686399063198153,
                        "theta": 0.06214570808663264,
                        "phi_v": 0.37786633979727074,
                        "phi_0": -0.37799589099303604,
                        "alpha": 0.20277075002596284
                    },
                    "value": 5381.672610028879
                },
                "Qe": {
                    "name": "Qe",
                    "user_data": null,
                    "init_value": 2526.1967167061102,
                    "min": 0,
                    "max": Infinity,
                    "brute_step": null,
                    "stderr": 68.9311765348015,
                    "correl": {
                        "fr": 0.06224879042668386,
                        "Ql": 0.8161936226098792,
                        "A": -0.28489359343974335,
                        "theta": -5.910359602574265e-05,
                        "phi_v": 0.4653647797224969,
                        "phi_0": -0.46554380245028676,
                        "alpha": 0.3225456687559324
                    },
                    "value": 7966.396390151944
                },
                "A": {
                    "name": "A",
                    "user_data": null,
                    "init_value": 0.004433321071677565,
                    "min": 0,
                    "max": Infinity,
                    "brute_step": null,
                    "stderr": 6.881426091761408e-06,
                    "correl": {
                        "fr": 0.30967330479961247,
                        "Ql": -0.34686399063198153,
                        "Qe": -0.28489359343974335,
                        "theta": -0.4190432309154822,
                        "phi_v": -0.25808690078977203,
                        "phi_0": 0.25806565231282386,
                        "alpha": 0.16365656747877474
                    },
                    "value": 0.00474589960578542
                },
                "theta": {
                    "name": "theta",
                    "user_data": null,
                    "init_value": 0,
                    "min": -1.5707963267948966,
                    "max": 1.5707963267948966,
                    "brute_step": null,
                    "stderr": 0.00865388482102395,
                    "correl": {
                        "fr": -0.8162351985829605,
                        "Ql": 0.06214570808663264,
                        "Qe": -5.910359602574265e-05,
                        "A": -0.4190432309154822,
                        "phi_v": 0.3248380114435171,
                        "phi_0": -0.3246619888430096,
                        "alpha": -0.46699901765200375
                    },
                    "value": 0.6983191722363999
                },
                "phi_v": {
                    "name": "phi_v",
                    "user_data": null,
                    "init_value": -1.4516790742218637e-07,
                    "min": -Infinity,
                    "max": Infinity,
                    "brute_step": null,
                    "stderr": 4.91519200967327e-10,
                    "correl": {
                        "fr": -0.20469257277679648,
                        "Ql": 0.37786633979727074,
                        "Qe": 0.4653647797224969,
                        "A": -0.25808690078977203,
                        "theta": 0.3248380114435171,
                        "phi_0": -0.9999998698680134,
                        "alpha": -0.00468325387627803
                    },
                    "value": -7.939721604607787e-08
                },
                "phi_0": {
                    "name": "phi_0",
                    "user_data": null,
                    "init_value": 829.0003190533613,
                    "min": -Infinity,
                    "max": Infinity,
                    "brute_step": null,
                    "stderr": 2.8116058511768975,
                    "correl": {
                        "fr": 0.20449499621736575,
                        "Ql": -0.37799589099303604,
                        "Qe": -0.46554380245028676,
                        "A": 0.25806565231282386,
                        "theta": -0.3246619888430096,
                        "phi_v": -0.9999998698680134,
                        "alpha": 0.004545537232308594
                    },
                    "value": 453.1809137777455
                },
                "alpha": {
                    "name": "alpha",
                    "user_data": null,
                    "init_value": 0,
                    "min": -1,
                    "max": 1,
                    "brute_step": null,
                    "stderr": 2.9847517437801634,
                    "correl": {
                        "fr": 0.3789060704345346,
                        "Ql": 0.20277075002596284,
                        "Qe": 0.3225456687559324,
                        "A": 0.16365656747877474,
                        "theta": -0.46699901765200375,
                        "phi_v": -0.00468325387627803,
                        "phi_0": 0.004545537232308594
                    },
                    "value": -0.9999046543209688
                },
                "Qi": {
                    "name": "Qi",
                    "user_data": null,
                    "init_value": -127572.93419365953,
                    "min": -Infinity,
                    "max": Infinity,
                    "brute_step": null,
                    "stderr": 185.03792586489007,
                    "correl": null,
                    "value": 11151.815656017829
                },
                "Qc": {
                    "name": "Qc",
                    "user_data": null,
                    "init_value": 2526.1967167061102,