{
    "fit_success": true,
    "Qi": {
        "__dtype__": "UFloat",
        "nominal_value": 14796.236331911252,
        "std_dev": 118.23166006175131
    },
    "Qe": {
        "__dtype__": "UFloat",
        "nominal_value": 3979.293703398969,
        "std_dev": 18.963801195455115
    },
    "Ql": {
        "__dtype__": "UFloat",
        "nominal_value": 3400.4728688929094,
        "std_dev": 16.60678399822493
    },
    "Qc": {
        "__dtype__": "UFloat",
        "nominal_value": 4415.167125192792,
        "std_dev": 23.345935844633466
    },
    "fr": {
        "__dtype__": "UFloat",
        "nominal_value": 5913442667.815189,
        "std_dev": 4246.868304801189
    },
    "fit_msg": "Summary\n$Q_I$: 14.80$\\pm$0.12 k\n$Q_C$: 4.415$\\pm$0.023 k\n$f_{res}$: 5.9134427$\\pm$4.2e-06 GHz",
    "fit_result": {
        "hanger_func_complex_SI": {
            "success": true,
            "message": "Fit succeeded.",
            "params": {
                "fr": {
                    "name": "fr",
                    "user_data": null,
                    "init_value": 5913789447.236181,
                    "min": 5911900000.0,
                    "max": 5915900000.0,
                    "brute_step": null,
                    "stderr": 4246.868304801189,
                    "correl": {
                        "Ql": 2.2964575484980446e-05,
                        "Qe": 0.21189899196814282,
                        "A": 0.3057800843158403,
                        "theta": -0.932005295951394,
                        "phi_v": 0.0015554364985776066,
                        "phi_0": -0.0017762645588784497,
                        "alpha": 0.7525545696939726
                    },
                    "value": 5913442667.815189
                },
                "Ql": {
                    "name": "Ql",
                    "user_data": null,
                    "init_value": 6661.220020125382,
                    "min": 147.84473618090453,
                    "max": 294211.0250085578,
                    "brute_step": null,
                    "stderr": 16.60678399822493,
                    "correl": {
                        "fr": 2.2964575484980446e-05,
                        "Qe": 0.931989032259406,
                        "A": -0.8159569410249344,
                        "theta": 0.21183275298859275,
                        "phi_v": 0.7525606566875843,
                        "phi_0": -0.7525779031648276,
                        "alpha": -0.0051612910706723275
                    },
                    "value": 3400.4728688929094
                },
                "Qe": {
                    "name": "Qe",
                    "user_data": null,
                    "init_value": 6529.314673192206,
                    "min": 0,
                    "max": Infinity,
                    "brute_step": null,
                    "stderr": 18.963801195455115,
                    "correl": {
                        "fr": 0.21189899196814282,
                        "Ql": 0.931989032259406,
                        "A": -0.706694288274277,
                        "theta": -4.517841229739504e-05,
                        "phi_v": 0.8125260479610266,
                        "phi_0": -0.8125948245997126,
                        "alpha": 0.20771393461070575
                    },
                    "value": 3979.293703398969
                },
                "A": {
                    "name": "A",
                    "user_data": null,
                    "init_value": 0.006917835405019552,
                    "min": 0,
                    "max": Infinity,
                    "brute_step": null,
                    "stderr": 1.9063500170340584e-05,
                    "correl": {
                        "fr": 0.3057800843158403,
                        "Ql": -0.8159569410249344,
                        "Qe": -0.706694288274277,
                        "theta": -0.5137737991561336,
                        "phi_v": -0.6511653564107309,
                        "phi_0": 0.6511079019058751,
                        "alpha": 0.32241430556109324
                    },
                    "value": 0.010051215592237872
                },
                "theta": {
                    "name": "theta",
                    "user_data": null,
                    "init_value": 0,
                    "min": -1.5707963267948966,
                    "max": 1.5707963267948966,
                    "brute_step": null,
                    "stderr": 0.004766277454146159,
                    "correl": {
                        "fr": -0.932005295951394,
                        "Ql": 0.21183275298859275,
                        "Qe": -4.517841229739504e-05,
                        "A": -0.5137737991561336,
                        "phi_v": 0.21156564672121278,
                        "phi_0": -0.21135491000491818,
                        "alpha": -0.8135356187427043
                    },
                    "value": 0.4480855761449529
                },
                "phi_v": {
                    "name": "phi_v",
                    "user_data": null,
                    "init_value": -2.3582545999797287e-07,
                    "min": -Infinity,
                    "max": Infinity,
                    "brute_step": null,
                    "stderr": 1.2308389308578283e-09,
                    "correl": {
                        "fr": 0.0015554364985776066,
                        "Ql": 0.7525606566875843,
                        "Qe": 0.8125260479610266,
                        "A": -0.6511653564107309,
                        "theta": 0.21156564672121278,
                        "phi_0": -0.9999999675603735,
                        "alpha": -0.004706728723060674
                    },
                    "value": -7.66407955647909e-08
                },
                "phi_0": {
                    "name": "phi_0",
                    "user_data": null,
                    "init_value": 1391.6075871273538,
                    "min": -Infinity,
                    "max": Infinity,
                    "brute_step": null,
                    "stderr": 7.279103941587552,
                    "correl": {
                        "fr": -0.0017762645588784497,
                        "Ql": -0.7525779031648276,
                        "Qe": -0.8125948245997126,
                        "A": 0.6511079019058751,
                        "theta": -0.21135491000491818,
                        "phi_v": -0.9999999675603735,
                        "alpha": 0.004525919965909944
                    },
                    "value": 450.94460004735686
                },
                "alpha": {
                    "name": "alpha",
                    "user_data": null,
                    "init_value": 0,
                    "min": -1,
                    "max": 1,
                    "brute_step": null,
                    "stderr": 8.940315227335294,
                    "correl": {
                        "fr": 0.7525545696939726,
                        "Ql": -0.0051612910706723275,
                        "Qe": 0.20771393461070575,
                        "A": 0.32241430556109324,
                        "theta": -0.8135356187427043,
                        "phi_v": -0.004706728723060674,
                        "phi_0": 0.004525919965909944
                    },
                    "value": -0.9995974469673418
                },
                "Qi": {
                    "name": "Qi",
                    "user_data": null,
                    "init_value": -329730.3909962057,
                    "min": -Infinity,
                    "max": Infinity,
                    "brute_step": null,
                    "stderr": 118.23166006175131,
                    "correl": null,
                    "value": 14796.236331911252
                },
                "Qc": {
                    "name": "Qc",
                    "user_data": null,
                    "init_value": 6529.314673192206,