{
    "fit_success": true,
    "Qi": {
        "__dtype__": "UFloat",
        "nominal_value": 15786.924873143407,
        "std_dev": 883.2847726453334
    },
    "Qe": {
        "__dtype__": "UFloat",
        "nominal_value": 2651.3620396118467,
        "std_dev": 27.71647710242245
    },
    "Ql": {
        "__dtype__": "UFloat",
        "nominal_value": 2772.3898565861787,
        "std_dev": 36.70410092818074
    },
    "Qc": {
        "__dtype__": "UFloat",
        "nominal_value": 3362.971502962598,
        "std_dev": 44.582328967165296
    },
    "fr": {
        "__dtype__": "UFloat",
        "nominal_value": 5837683375.244117,
        "std_dev": 13937.13377518022
    },
    "fit_msg": "Summary\n$Q_I$: 15.79$\\pm$0.88 k\n$Q_C$: 3.363$\\pm$0.045 k\n$f_{res}$: 5.837683$\\pm$1.4e-05 GHz",
    "fit_result": {
        "hanger_func_complex_SI": {
            "success": true,
            "message": "Fit succeeded.",
            "params": {
                "fr": {
                    "name": "fr",
                    "user_data": null,
                    "init_value": 5838398241.20603,
                    "min": 5828750000.0,
                    "max": 5848750000.0,
                    "brute_step": null,
                    "stderr": 13937.13377518022,
                    "correl": {
                        "Ql": 0.00031244486536888196,
                        "Qe": 0.08485112161699786,
                        "A": 0.27092751600558795,
                        "theta": -0.802638843045396,
                        "phi_v": -0.19713889704047355,
                        "phi_0": 0.1967686160157873,
                        "alpha": 0.38015760603330034
                    },
                    "value": 5837683375.244117
                },
                "Ql": {
                    "name": "Ql",
                    "user_data": null,
                    "init_value": 1315.2600577421156,
                    "min": 29.191991206030153,
                    "max": 58092.06250003601,
                    "brute_step": null,
                    "stderr": 36.70410092818074,
                    "correl": {
                        "fr": 0.00031244486536888196,
                        "Qe": 0.8027043241728546,
                        "A": -0.3482549828241283,
                        "theta": 0.08428584674966703,
                        "phi_v": 0.37946199816180565,
                        "phi_0": -0.37969338776224465,
                        "alpha": 0.19612722372733113
                    },
                    "value": 2772.3898565861787
                },
                "Qe": {
                    "name": "Qe",
                    "user_data": null,
                    "init_value": 1289.2153041234599,
                    "min": 0,
                    "max": Infinity,
                    "brute_step": null,
                    "stderr": 27.71647710242245,
                    "correl": {
                        "fr": 0.08485112161699786,
                        "Ql": 0.8027043241728546,
                        "A": -0.20584821692966146,
                        "theta": -0.0002278553260137716,
                        "phi_v": 0.4566550735312145,
                        "phi_0": -0.45698295153496243,
                        "alpha": 0.3218942067019497
                    },
                    "value": 2651.3620396118467
                },
                "A": {
                    "name": "A",
                    "user_data": null,
                    "init_value": 0.007293474890690162,
                    "min": 0,
                    "max": Infinity,
                    "brute_step": null,
                    "stderr": 2.161733982480043e-05,
                    "correl": {
                        "fr": 0.27092751600558795,
                        "Ql": -0.3482549828241283,
                        "Qe": -0.20584821692966146,
                        "theta": -0.3748091565716319,
                        "phi_v": -0.19887840368119578,
                        "phi_0": 0.1988577390635762,
                        "alpha": 0.10538632370194677
                    },
                    "value": 0.007923162110255788
                },
                "theta": {
                    "name": "theta",
                    "user_data": null,
                    "init_value": 0,
                    "min": -1.5707963267948966,
                    "max": 1.5707963267948966,
                    "brute_step": null,
                    "stderr": 0.01045141140238881,
                    "correl": {
                        "fr": -0.802638843045396,
                        "Ql": 0.08428584674966703,
                        "Qe": -0.0002278553260137716,
                        "A": -0.3748091565716319,
                        "phi_v": 0.3233540417136714,
                        "phi_0": -0.3231103147604252,
                        "alpha": -0.4577666160607078
                    },
                    "value": 0.6625948873932654
                },
                "phi_v": {
                    "name": "phi_v",
                    "user_data": null,
                    "init_value": -1.0562822459819906e-07,
                    "min": -Infinity,
                    "max": Infinity,
                    "brute_step": null,
                    "stderr": 4.728493650338058e-10,
                    "correl": {
                        "fr": -0.19713889704047355,
                        "Ql": 0.37946199816180565,
                        "Qe": 0.4566550735312145,
                        "A": -0.19887840368119578,
                        "theta": 0.3233540417136714,
                        "phi_0": -0.9999995139584573,
                        "alpha": -0.0038183975743618895
                    },
                    "value": -6.89712355360764e-08
                },
                "phi_0": {
                    "name": "phi_0",
                    "user_data": null,
                    "init_value": 613.0329625471475,
                    "min": -Infinity,
                    "max": Infinity,
                    "brute_step": null,
                    "stderr": 2.760635416606085,
                    "correl": {
                        "fr": 0.1967686160157873,
                        "Ql": -0.37969338776224465,
                        "Qe": -0.45698295153496243,
                        "A": 0.1988577390635762,
                        "theta": -0.3231103147604252,
                        "phi_v": -0.9999995139584573,
                        "alpha": 0.0036063624171322898
                    },
                    "value": 399.4743873197892
                },
                "alpha": {
                    "name": "alpha",
                    "user_data": null,
                    "init_value": 0,
                    "min": -1,
                    "max": 1,
                    "brute_step": null,
                    "stderr": 3.0427315079803385,
                    "correl": {
                        "fr": 0.38015760603330034,
                        "Ql": 0.19612722372733113,
                        "Qe": 0.3218942067019497,
                        "A": 0.10538632370194677,
                        "theta": -0.4577666160607078,
                        "phi_v": -0.0038183975743618895,
                        "phi_0": 0.0036063624171322898
                    },
                    "value": 0.999963445731805
                },
                "Qi": {
                    "name": "Qi",
                    "user_data": null,
                    "init_value": -65105.372858234485,
                    "min": -Infinity,
                    "max": Infinity,
                    "brute_step": null,
                    "stderr": 883.2847726453334,
                    "correl": null,
                    "value": 15786.924873143407
                },
                "Qc": {
                    "name": "Qc",
                    "user_data": null,
                    "init_value": 1289.2153041234599,