{
    "fit_success": true,
    "Qi": {
        "__dtype__": "UFloat",
        "nominal_value": 17561.511967516126,
        "std_dev": 189.4933415692776
    },
    "Qe": {
        "__dtype__": "UFloat",
        "nominal_value": 2336.3601440892876,
        "std_dev": 16.51372496842704
    },
    "Ql": {
        "__dtype__": "UFloat",
        "nominal_value": 2067.020478793834,
        "std_dev": 14.505002819849889
    },
    "Qc": {
        "__dtype__": "UFloat",
        "nominal_value": 2342.76838977645,
        "std_dev": 16.604260819743892
    },
    "fr": {
        "__dtype__": "UFloat",
        "nominal_value": 6106787415.395317,
        "std_dev": 10366.857775161456
    },
    "fit_msg": "Summary\n$Q_I$: 17.56$\\pm$0.19 k\n$Q_C$: 2.343$\\pm$0.017 k\n$f_{res}$: 6.106787$\\pm$1.0e-05 GHz",
    "fit_result": {
        "hanger_func_complex_SI": {
            "success": true,
            "message": "Fit succeeded.",
            "params": {
                "fr": {
                    "name": "fr",
                    "user_data": null,
                    "init_value": 6106887939.698492,
                    "min": 6105300000.0,
                    "max": 6109300000.0,
                    "brute_step": null,
                    "stderr": 10366.857775161456,
                    "correl": {
                        "Ql": 0.00016908369232574206,
                        "Qe": 0.08792981133729803,
                        "A": 0.03417620656657031,
                        "theta": -0.9844799940139967,
                        "phi_v": 0.3553909125278026,
                        "phi_0": -0.35567493071577483,
                        "alpha": -0.7840038094027928
                    },
                    "value": 6106787415.395317
                },
                "Ql": {
                    "name": "Ql",
                    "user_data": null,
                    "init_value": 6878.723797580144,
                    "min": 152.67219849246231,
                    "max": 303817.67500883713,
                    "brute_step": null,
                    "stderr": 14.505002819849889,
                    "correl": {
                        "fr": 0.00016908369232574206,
                        "Qe": 0.9844798799762878,
                        "A": -0.9553673825407396,
                        "theta": 0.08761426500070842,
                        "phi_v": 0.7857288428367468,
                        "phi_0": -0.785616721669027,
                        "alpha": 0.35891848199542664
                    },
                    "value": 2067.020478793834
                },
                "Qe": {
                    "name": "Qe",
                    "user_data": null,
                    "init_value": 6742.511445152813,
                    "min": 0,
                    "max": Infinity,
                    "brute_step": null,
                    "stderr": 16.51372496842704,
                    "correl": {
                        "fr": 0.08792981133729803,
                        "Ql": 0.9844798799762878,
                        "A": -0.949150308133808,
                        "theta": -0.00014751801936109757,
                        "phi_v": 0.8549435234836464,
                        "phi_0": -0.8548539410363247,
                        "alpha": 0.28675940540638456
                    },
                    "value": 2336.3601440892876
                },
                "A": {
                    "name": "A",
                    "user_data": null,
                    "init_value": 0.004109195060786906,
                    "min": 0,
                    "max": Infinity,
                    "brute_step": null,
                    "stderr": 3.412088142203946e-05,
                    "correl": {
                        "fr": 0.03417620656657031,
                        "Ql": -0.9553673825407396,
                        "Qe": -0.949150308133808,
                        "theta": -0.12886866873130468,
                        "phi_v": -0.7691211099598112,
                        "phi_0": 0.7690004564759201,
                        "alpha": -0.45051372214386126
                    },
                    "value": 0.007843603253474773
                },
                "theta": {
                    "name": "theta",
                    "user_data": null,
                    "init_value": 0,
                    "min": -1.5707963267948966,
                    "max": 1.5707963267948966,
                    "brute_step": null,
                    "stderr": 0.007068401586080085,
                    "correl": {
                        "fr": -0.9844799940139967,
                        "Ql": 0.08761426500070842,
                        "Qe": -0.00014751801936109757,
                        "A": -0.12886866873130468,
                        "phi_v": -0.2829056503860812,
                        "phi_0": 0.2831982987533721,
                        "alpha": 0.8535685240369376
                    },
                    "value": 0.0739807860790227
                },
                "phi_v": {
                    "name": "phi_v",
                    "user_data": null,
                    "init_value": -2.256619333318231e-07,
                    "min": -Infinity,
                    "max": Infinity,
                    "brute_step": null,
                    "stderr": 1.9116316787191245e-09,
                    "correl": {
                        "fr": 0.3553909125278026,
                        "Ql": 0.7857288428367468,
                        "Qe": 0.8549435234836464,
                        "A": -0.7691211099598112,
                        "theta": -0.2829056503860812,
                        "phi_0": -0.999999948984882,
                        "alpha": 0.004607683540469961
                    },
                    "value": -7.234826351312718e-08
                },
                "phi_0": {
                    "name": "phi_0",
                    "user_data": null,
                    "init_value": 1380.3254618529447,
                    "min": -Infinity,
                    "max": Infinity,
                    "brute_step": null,
                    "stderr": 11.675881256882487,
                    "correl": {
                        "fr": -0.35567493071577483,
                        "Ql": -0.785616721669027,
                        "Qe": -0.8548539410363247,
                        "A": 0.7690004564759201,
                        "theta": 0.2831982987533721,
                        "phi_v": -0.999999948984882,
                        "alpha": -0.004337381728935644
                    },
                    "value": 444.979717154324
                },
                "alpha": {
                    "name": "alpha",
                    "user_data": null,
                    "init_value": 0,
                    "min": -1,
                    "max": 1,
                    "brute_step": null,
                    "stderr": 6.478345705812446,
                    "correl": {
                        "fr": -0.7840038094027928,
                        "Ql": 0.35891848199542664,
                        "Qe": 0.28675940540638456,
                        "A": -0.45051372214386126,
                        "theta": 0.8535685240369376,
                        "phi_v": 0.004607683540469961,
                        "phi_0": -0.004337381728935644
                    },
                    "value": -0.999902036234356
                },
                "Qi": {
                    "name": "Qi",
                    "user_data": null,
                    "init_value": -340496.82798021456,
                    "min": -Infinity,
                    "max": Infinity,
                    "brute_step": null,
                    "stderr": 189.4933415692776,
                    "correl": null,
                    "value": 17561.511967516126
                },
                "Qc": {
                    "name": "Qc",
                    "user_data": null,
                    "init_value": 6742.511445152813,