{
    "fit_success": true,
    "T1": {
        "__dtype__": "UFloat",
        "nominal_value": 8.005567619040477e-06,
        "std_dev": 4.030662357515524e-07
    },
    "fit_msg": "Summary\n$T1$: 8.01$\\pm$0.40 \u03bcs\namplitude: 350.1$\\pm$9.0 \u03bcV\noffset: 584.0$\\pm$3.1 \u03bcV",
    "fit_result": {
        "exp_decay_func": {
            "success": true,
            "message": "Fit succeeded.",
            "params": {
                "tau": {
                    "name": "tau",
                    "user_data": null,
                    "init_value": 2.524e-05,
                    "min": 0,
                    "max": Infinity,
                    "brute_step": null,
                    "stderr": 4.030662357515524e-07,
                    "correl": {
                        "amplitude": -0.46123650680532396,
                        "offset": -0.6590677757808625
                    },
                    "value": 8.005567619040477e-06
                },
                "amplitude": {
                    "name": "amplitude",
                    "user_data": null,
                    "init_value": 0.0003989502585514268,
                    "min": -Infinity,
                    "max": Infinity,
                    "brute_step": null,
                    "stderr": 8.988834272151807e-06,
                    "correl": {
                        "tau": -0.46123650680532396,
                        "offset": -0.0687102286260385
                    },
                    "value": 0.00035008661267683027
                },
                "offset": {
                    "name": "offset",
                    "user_data": null,
                    "init_value": 0.0005559976359656732,
                    "min": -Infinity,
                    "max": Infinity,
                    "brute_step": null,
                    "stderr": 3.0989064518044584e-06,
                    "correl": {
                        "tau": -0.6590677757808625,
                        "amplitude": -0.0687102286260385
                    },
                    "value": 0.0005839880441137479
                },
                "n_factor": {
                    "name": "n_factor",
                    "user_data": null,
                    "init_value": 1,
                    "min": -Infinity,
                    "max": Infinity,
                    "brute_step": null,
                    "stderr": 0.0,
                    "correl": null,
                    "value": 1
                }
            }
        }
    }
}