{
    "fit_success": true,
    "T1": {
        "__dtype__": "UFloat",
        "nominal_value": 8.335483717702985e-06,
        "std_dev": 4.1133400482401137e-07
    },
    "fit_msg": "Summary\n$T1$: 8.34$\\pm$0.41 \u03bcs\namplitude: 364.8$\\pm$9.0 \u03bcV\noffset: 574.9$\\pm$3.3 \u03bcV",
    "fit_result": {
        "exp_decay_func": {
            "success": true,
            "message": "Fit succeeded.",
            "params": {
                "tau": {
                    "name": "tau",
                    "user_data": null,
                    "init_value": 2.524e-05,
                    "min": 0,
                    "max": Infinity,
                    "brute_step": null,
                    "stderr": 4.1133400482401137e-07,
                    "correl": {
                        "amplitude": -0.44859972284506844,
                        "offset": -0.6749276155562002
                    },
                    "value": 8.335483717702985e-06
                },
                "amplitude": {
                    "name": "amplitude",
                    "user_data": null,
                    "init_value": 0.000416684677423354,
                    "min": -Infinity,
                    "max": Infinity,
                    "brute_step": null,
                    "stderr": 9.024763856029922e-06,
                    "correl": {
                        "tau": -0.44859972284506844,
                        "offset": -0.07286337570961961
                    },
                    "value": 0.00036480251591173955
                },
                "offset": {
                    "name": "offset",
                    "user_data": null,
                    "init_value": 0.0005503487502641133,
                    "min": -Infinity,
                    "max": Infinity,
                    "brute_step": null,
                    "stderr": 3.2537670878410375e-06,
                    "correl": {
                        "tau": -0.6749276155562002,
                        "amplitude": -0.07286337570961961
                    },
                    "value": 0.0005748751545291584
                },
                "n_factor": {
                    "name": "n_factor",
                    "user_data": null,
                    "init_value": 1,
                    "min": -Infinity,
                    "max": Infinity,
                    "brute_step": null,
                    "stderr": 0.0,
                    "correl": null,
                    "value": 1
                }
            }
        }
    }
}