{
    "fit_success": true,
    "T1": {
        "__dtype__": "UFloat",
        "nominal_value": 8.87378362546265e-06,
        "std_dev": 4.835945315791433e-07
    },
    "fit_msg": "Summary\n$T1$: 8.87$\\pm$0.48 \u03bcs\namplitude: 354.3$\\pm$9.4 \u03bcV\noffset: 578.6$\\pm$3.6 \u03bcV",
    "fit_result": {
        "exp_decay_func": {
            "success": true,
            "message": "Fit succeeded.",
            "params": {
                "tau": {
                    "name": "tau",
                    "user_data": null,
                    "init_value": 2.524e-05,
                    "min": 0,
                    "max": Infinity,
                    "brute_step": null,
                    "stderr": 4.835945315791433e-07,
                    "correl": {
                        "amplitude": -0.42621911479807656,
                        "offset": -0.6995985294661923
                    },
                    "value": 8.87378362546265e-06
                },
                "amplitude": {
                    "name": "amplitude",
                    "user_data": null,
                    "init_value": 0.0003826245744000138,
                    "min": -Infinity,
                    "max": Infinity,
                    "brute_step": null,
                    "stderr": 9.400339401976047e-06,
                    "correl": {
                        "tau": -0.42621911479807656,
                        "offset": -0.08132368013056294
                    },
                    "value": 0.0003542671412949299
                },
                "offset": {
                    "name": "offset",
                    "user_data": null,
                    "init_value": 0.0005749143949339147,
                    "min": -Infinity,
                    "max": Infinity,
                    "brute_step": null,
                    "stderr": 3.645981679738238e-06,
                    "correl": {
                        "tau": -0.6995985294661923,
                        "amplitude": -0.08132368013056294
                    },
                    "value": 0.0005785974579656015
                },
                "n_factor": {
                    "name": "n_factor",
                    "user_data": null,
                    "init_value": 1,
                    "min": -Infinity,
                    "max": Infinity,
                    "brute_step": null,
                    "stderr": 0.0,
                    "correl": null,
                    "value": 1
                }
            }
        }
    }
}