{
    "fit_success": true,
    "Qi": {
        "__dtype__": "UFloat",
        "nominal_value": 15102.736666556513,
        "std_dev": 279.27031095699397
    },
    "Qe": {
        "__dtype__": "UFloat",
        "nominal_value": 4133.1566966816,
        "std_dev": 20.10296967292079
    },
    "Ql": {
        "__dtype__": "UFloat",
        "nominal_value": 3472.4756088594454,
        "std_dev": 21.86708318299392
    },
    "Qc": {
        "__dtype__": "UFloat",
        "nominal_value": 4509.261180077863,
        "std_dev": 23.92519416636742
    },
    "fr": {
        "__dtype__": "UFloat",
        "nominal_value": 5913484581.701493,
        "std_dev": 5361.673372529716
    },
    "fit_msg": "Summary\n$Q_I$: 15.10$\\pm$0.28 k\n$Q_C$: 4.509$\\pm$0.024 k\n$f_{res}$: 5.9134846$\\pm$5.4e-06 GHz",
    "fit_result": {
        "hanger_func_complex_SI": {
            "success": true,
            "message": "Fit succeeded.",
            "params": {
                "fr": {
                    "name": "fr",
                    "user_data": null,
                    "init_value": 5913749246.231155,
                    "min": 5903900000.0,
                    "max": 5923900000.0,
                    "brute_step": null,
                    "stderr": 5361.673372529716,
                    "correl": {
                        "Ql": 0.0002657397855647636,
                        "Qe": 0.03533032684044899,
                        "A": 0.1554121189330476,
                        "theta": -0.7961403076707817,
                        "phi_v": -0.12914387059361346,
                        "phi_0": 0.12878536863160975,
                        "alpha": 0.36557920292271207
                    },
                    "value": 5913484581.701493
                },
                "Ql": {
                    "name": "Ql",
                    "user_data": null,
                    "init_value": 1332.2349476221525,
                    "min": 29.56874623115578,
                    "max": 58841.805000036475,
                    "brute_step": null,
                    "stderr": 21.86708318299392,
                    "correl": {
                        "fr": 0.0002657397855647636,
                        "Qe": 0.7961746914253721,
                        "A": -0.3606778806446218,
                        "theta": 0.03478486390391698,
                        "phi_v": 0.36513403522566446,
                        "phi_0": -0.3652737855443787,
                        "alpha": 0.12813284663313365
                    },
                    "value": 3472.4756088594454
                },
                "Qe": {
                    "name": "Qe",
                    "user_data": null,
                    "init_value": 1305.8540575702286,
                    "min": 0,
                    "max": Infinity,
                    "brute_step": null,
                    "stderr": 20.10296967292079,
                    "correl": {
                        "fr": 0.03533032684044899,
                        "Ql": 0.7961746914253721,
                        "A": -0.30078070888720515,
                        "theta": -0.0002644757232465073,
                        "phi_v": 0.47286895838791765,
                        "phi_0": -0.47306459776644594,
                        "alpha": 0.19652175570429417
                    },
                    "value": 4133.1566966816
                },
                "A": {
                    "name": "A",
                    "user_data": null,
                    "init_value": 0.009379284309085818,
                    "min": 0,
                    "max": Infinity,
                    "brute_step": null,
                    "stderr": 9.475679835558704e-06,
                    "correl": {
                        "fr": 0.1554121189330476,
                        "Ql": -0.3606778806446218,
                        "Qe": -0.30078070888720515,
                        "theta": -0.2158942122179695,
                        "phi_v": -0.17091346552713216,
                        "phi_0": 0.1709088365257671,
                        "alpha": 0.03537891489690785
                    },
                    "value": 0.01009574147971315
                },
                "theta": {
                    "name": "theta",
                    "user_data": null,
                    "init_value": 0,
                    "min": -1.5707963267948966,
                    "max": 1.5707963267948966,
                    "brute_step": null,
                    "stderr": 0.004863150528554071,
                    "correl": {
                        "fr": -0.7961403076707817,
                        "Ql": 0.03478486390391698,
                        "Qe": -0.0002644757232465073,
                        "A": -0.2158942122179695,
                        "phi_v": 0.19799797653355553,
                        "phi_0": -0.19769413357180296,
                        "alpha": -0.47355149497981397
                    },
                    "value": 0.4113224474984667
                },
                "phi_v": {
                    "name": "phi_v",
                    "user_data": null,
                    "init_value": -1.0333630296847167e-07,
                    "min": -Infinity,
                    "max": Infinity,
                    "brute_step": null,
                    "stderr": 1.634652667471244e-10,
                    "correl": {
                        "fr": -0.12914387059361346,
                        "Ql": 0.36513403522566446,
                        "Qe": 0.47286895838791765,
                        "A": -0.17091346552713216,
                        "theta": 0.19799797653355553,
                        "phi_0": -0.9999995274046442,
                        "alpha": -0.003855831523905695
                    },
                    "value": -6.816367646865185e-08
                },
                "phi_0": {
                    "name": "phi_0",
                    "user_data": null,
                    "init_value": 608.3900898320687,
                    "min": -Infinity,
                    "max": Infinity,
                    "brute_step": null,
                    "stderr": 0.9666835408398892,
                    "correl": {
                        "fr": 0.12878536863160975,
                        "Ql": -0.3652737855443787,
                        "Qe": -0.47306459776644594,
                        "A": 0.1709088365257671,
                        "theta": -0.19769413357180296,
                        "phi_v": -0.9999995274046442,
                        "alpha": 0.0036787302258308304
                    },
                    "value": 400.82155347967836
                },
                "alpha": {
                    "name": "alpha",
                    "user_data": null,
                    "init_value": 0,
                    "min": -1,
                    "max": 1,
                    "brute_step": null,
                    "stderr": 1.0488232776052944,
                    "correl": {
                        "fr": 0.36557920292271207,
                        "Ql": 0.12813284663313365,
                        "Qe": 0.19652175570429417,
                        "A": 0.03537891489690785,
                        "theta": -0.47355149497981397,
                        "phi_v": -0.003855831523905695,
                        "phi_0": 0.0036787302258308304
                    },
                    "value": 0.99996872841647
                },
                "Qi": {
                    "name": "Qi",
                    "user_data": null,
                    "init_value": -65945.62990729627,
                    "min": -Infinity,
                    "max": Infinity,
                    "brute_step": null,
                    "stderr": 279.27031095699397,
                    "correl": null,
                    "value": 15102.736666556513
                },
                "Qc": {
                    "name": "Qc",
                    "user_data": null,
                    "init_value": 1305.8540575702286,