{
    "fit_success": true,
    "T1": {
        "__dtype__": "UFloat",
        "nominal_value": 9.72776449259527e-06,
        "std_dev": 4.776488237250063e-07
    },
    "fit_msg": "Summary\n$T1$: 9.73$\\pm$0.48 \u03bcs\namplitude: 372.7$\\pm$8.5 \u03bcV\noffset: 581.1$\\pm$3.7 \u03bcV",
    "fit_result": {
        "exp_decay_func": {
            "success": true,
            "message": "Fit succeeded.",
            "params": {
                "tau": {
                    "name": "tau",
                    "user_data": null,
                    "init_value": 2.524e-05,
                    "min": 0,
                    "max": Infinity,
                    "brute_step": null,
                    "stderr": 4.776488237250063e-07,
                    "correl": {
                        "amplitude": -0.3861503024265889,
                        "offset": -0.7354249583963287
                    },
                    "value": 9.72776449259527e-06
                },
                "amplitude": {
                    "name": "amplitude",
                    "user_data": null,
                    "init_value": 0.00039527230638308145,
                    "min": -Infinity,
                    "max": Infinity,
                    "brute_step": null,
                    "stderr": 8.4877468885441e-06,
                    "correl": {
                        "tau": -0.3861503024265889,
                        "offset": -0.09942737484174138
                    },
                    "value": 0.00037265474200737816
                },
                "offset": {
                    "name": "offset",
                    "user_data": null,
                    "init_value": 0.0005984466025591191,
                    "min": -Infinity,
                    "max": Infinity,
                    "brute_step": null,
                    "stderr": 3.693360231141814e-06,
                    "correl": {
                        "tau": -0.7354249583963287,
                        "amplitude": -0.09942737484174138
                    },
                    "value": 0.0005811404318438646
                },
                "n_factor": {
                    "name": "n_factor",
                    "user_data": null,
                    "init_value": 1,
                    "min": -Infinity,
                    "max": Infinity,
                    "brute_step": null,
                    "stderr": 0.0,
                    "correl": null,
                    "value": 1
                }
            }
        }
    }
}