{
    "fit_success": true,
    "Qi": {
        "__dtype__": "UFloat",
        "nominal_value": 15385.041276535247,
        "std_dev": 486.37446907683744
    },
    "Qe": {
        "__dtype__": "UFloat",
        "nominal_value": 2739.627512257013,
        "std_dev": 34.11745480417775
    },
    "Ql": {
        "__dtype__": "UFloat",
        "nominal_value": 2464.9508960744874,
        "std_dev": 27.603386752128994
    },
    "Qc": {
        "__dtype__": "UFloat",
        "nominal_value": 2935.2249221174643,
        "std_dev": 39.166170226670566
    },
    "fr": {
        "__dtype__": "UFloat",
        "nominal_value": 6007810804.527552,
        "std_dev": 13646.12358422381
    },
    "fit_msg": "Summary\n$Q_I$: 15.39$\\pm$0.49 k\n$Q_C$: 2.935$\\pm$0.039 k\n$f_{res}$: 6.007811$\\pm$1.4e-05 GHz",
    "fit_result": {
        "hanger_func_complex_SI": {
            "success": true,
            "message": "Fit succeeded.",
            "params": {
                "fr": {
                    "name": "fr",
                    "user_data": null,
                    "init_value": 6008248743.718593,
                    "min": 5998500000.0,
                    "max": 6008500000.0,
                    "brute_step": null,
                    "stderr": 13646.12358422381,
                    "correl": {
                        "Ql": -0.00010656318644258841,
                        "Qe": 0.031207850273076133,
                        "A": 0.7550272519285374,
                        "theta": -0.949808593194626,
                        "phi_v": -0.45916091544415305,
                        "phi_0": 0.4592893426570296,
                        "alpha": -0.563726005081048
                    },
                    "value": 6007810804.527552
                },
                "Ql": {
                    "name": "Ql",
                    "user_data": null,
                    "init_value": 2707.0471259930405,
                    "min": 60.082487437185925,
                    "max": 119564.15000120866,
                    "brute_step": null,
                    "stderr": 27.603386752128994,
                    "correl": {
                        "fr": -0.00010656318644258841,
                        "Qe": 0.9498213627784482,
                        "A": -0.3450179534036886,
                        "theta": 0.031545565122046385,
                        "phi_v": -0.5661315341535679,
                        "phi_0": 0.5658097552660066,
                        "alpha": 0.46251051647615316
                    },
                    "value": 2464.9508960744874
                },
                "Qe": {
                    "name": "Qe",
                    "user_data": null,
                    "init_value": 2653.4422324090197,
                    "min": 0,
                    "max": Infinity,
                    "brute_step": null,
                    "stderr": 34.11745480417775,
                    "correl": {
                        "fr": 0.031207850273076133,
                        "Ql": 0.9498213627784482,
                        "A": -0.2857417477292634,
                        "theta": 0.00022594666784026717,
                        "phi_v": -0.674829377192454,
                        "phi_0": 0.6745102278698246,
                        "alpha": 0.4114721514815516
                    },
                    "value": 2739.627512257013
                },
                "A": {
                    "name": "A",
                    "user_data": null,
                    "init_value": 0.009953835161163098,
                    "min": 0,
                    "max": Infinity,
                    "brute_step": null,
                    "stderr": 6.745147656526035e-05,
                    "correl": {
                        "fr": 0.7550272519285374,
                        "Ql": -0.3450179534036886,
                        "Qe": -0.2857417477292634,
                        "theta": -0.8555133699756062,
                        "phi_v": -0.1566795374515777,
                        "phi_0": 0.1569004478636166,
                        "alpha": -0.9344766341717201
                    },
                    "value": 0.010553963863401128
                },
                "theta": {
                    "name": "theta",
                    "user_data": null,
                    "init_value": 0,
                    "min": -1.5707963267948966,
                    "max": 1.5707963267948966,
                    "brute_step": null,
                    "stderr": 0.0124537359261938,
                    "correl": {
                        "fr": -0.949808593194626,
                        "Ql": 0.031545565122046385,
                        "Qe": 0.00022594666784026717,
                        "A": -0.8555133699756062,
                        "phi_v": 0.4074698479247456,
                        "phi_0": -0.40761553375234766,
                        "alpha": 0.6727643344856706
                    },
                    "value": 0.36712806028894995
                },
                "phi_v": {
                    "name": "phi_v",
                    "user_data": null,
                    "init_value": -1.985064068833455e-07,
                    "min": -Infinity,
                    "max": Infinity,
                    "brute_step": null,
                    "stderr": 7.667892562252825e-10,
                    "correl": {
                        "fr": -0.45916091544415305,
                        "Ql": -0.5661315341535679,
                        "Qe": -0.674829377192454,
                        "A": -0.1566795374515777,
                        "theta": 0.4074698479247456,
                        "phi_0": -0.9999998750545004,
                        "alpha": -0.0054697990684690724
                    },
                    "value": -8.766216467096697e-08
                },
                "phi_0": {
                    "name": "phi_0",
                    "user_data": null,
                    "init_value": 1188.6234198144684,
                    "min": -Infinity,
                    "max": Infinity,
                    "brute_step": null,
                    "stderr": 4.600753458223325,
                    "correl": {
                        "fr": 0.4592893426570296,
                        "Ql": 0.5658097552660066,
                        "Qe": 0.6745102278698246,
                        "A": 0.1569004478636166,
                        "theta": -0.40761553375234766,
                        "phi_v": -0.9999998750545004,
                        "alpha": 0.005233995184971979
                    },
                    "value": 523.8431063552252
                },
                "alpha": {
                    "name": "alpha",
                    "user_data": null,
                    "init_value": 0,
                    "min": -1,
                    "max": 1,
                    "brute_step": null,
                    "stderr": 5.032952266261724,
                    "correl": {
                        "fr": -0.563726005081048,
                        "Ql": 0.46251051647615316,
                        "Qe": 0.4114721514815516,
                        "A": -0.9344766341717201,
                        "theta": 0.6727643344856706,
                        "phi_v": -0.0054697990684690724,
                        "phi_0": 0.005233995184971979
                    },
                    "value": -0.9999552755728773
                },
                "Qi": {
                    "name": "Qi",
                    "user_data": null,
                    "init_value": -133998.8327366545,
                    "min": -Infinity,
                    "max": Infinity,
                    "brute_step": null,
                    "stderr": 486.37446907683744,
                    "correl": null,
                    "value": 15385.041276535247
                },
                "Qc": {
                    "name": "Qc",
                    "user_data": null,
                    "init_value": 2653.4422324090197,