{
    "fit_success": true,
    "T1": {
        "__dtype__": "UFloat",
        "nominal_value": 8.772106534715718e-06,
        "std_dev": 3.666396250529538e-07
    },
    "fit_msg": "Summary\n$T1$: 8.77$\\pm$0.37 \u03bcs\namplitude: 367.3$\\pm$7.5 \u03bcV\noffset: 580.4$\\pm$2.9 \u03bcV",
    "fit_result": {
        "exp_decay_func": {
            "success": true,
            "message": "Fit succeeded.",
            "params": {
                "tau": {
                    "name": "tau",
                    "user_data": null,
                    "init_value": 2.524e-05,
                    "min": 0,
                    "max": Infinity,
                    "brute_step": null,
                    "stderr": 3.666396250529538e-07,
                    "correl": {
                        "amplitude": -0.43061331132435776,
                        "offset": -0.6950603775092111
                    },
                    "value": 8.772106534715718e-06
                },
                "amplitude": {
                    "name": "amplitude",
                    "user_data": null,
                    "init_value": 0.0003740949552769251,
                    "min": -Infinity,
                    "max": Infinity,
                    "brute_step": null,
                    "stderr": 7.517397454863923e-06,
                    "correl": {
                        "tau": -0.43061331132435776,
                        "offset": -0.07955906038322165
                    },
                    "value": 0.0003673300604641653
                },
                "offset": {
                    "name": "offset",
                    "user_data": null,
                    "init_value": 0.0005769408580573609,
                    "min": -Infinity,
                    "max": Infinity,
                    "brute_step": null,
                    "stderr": 2.875782762451338e-06,
                    "correl": {
                        "tau": -0.6950603775092111,
                        "amplitude": -0.07955906038322165
                    },
                    "value": 0.0005803990471258001
                },
                "n_factor": {
                    "name": "n_factor",
                    "user_data": null,
                    "init_value": 1,
                    "min": -Infinity,
                    "max": Infinity,
                    "brute_step": null,
                    "stderr": 0.0,
                    "correl": null,
                    "value": 1
                }
            }
        }
    }
}