{
    "fit_success": true,
    "Qi": {
        "__dtype__": "UFloat",
        "nominal_value": 18107.355363928145,
        "std_dev": 308.95308122798895
    },
    "Qe": {
        "__dtype__": "UFloat",
        "nominal_value": 3218.0343643592146,
        "std_dev": 11.886123667055701
    },
    "Ql": {
        "__dtype__": "UFloat",
        "nominal_value": 2784.3740711873065,
        "std_dev": 12.833043251568792
    },
    "Qc": {
        "__dtype__": "UFloat",
        "nominal_value": 3290.3290691205725,
        "std_dev": 12.425311362195126
    },
    "fr": {
        "__dtype__": "UFloat",
        "nominal_value": 6007968545.874864,
        "std_dev": 4972.972316140416
    },
    "fit_msg": "Summary\n$Q_I$: 18.11$\\pm$0.31 k\n$Q_C$: 3.290$\\pm$0.012 k\n$f_{res}$: 6.0079685$\\pm$5.0e-06 GHz",
    "fit_result": {
        "hanger_func_complex_SI": {
            "success": true,
            "message": "Fit succeeded.",
            "params": {
                "fr": {
                    "name": "fr",
                    "user_data": null,
                    "init_value": 6008180904.522614,
                    "min": 6002000000.0,
                    "max": 6017000000.0,
                    "brute_step": null,
                    "stderr": 4972.972316140416,
                    "correl": {
                        "Ql": 0.00031465231615326243,
                        "Qe": 0.055998657881776354,
                        "A": 0.18078503857985428,
                        "theta": -0.8410420456044415,
                        "phi_v": 0.07419932901584984,
                        "phi_0": -0.07457996997598121,
                        "alpha": -0.48840788570420174
                    },
                    "value": 6007968545.874864
                },
                "Ql": {
                    "name": "Ql",
                    "user_data": null,
                    "init_value": 1804.6777071314475,
                    "min": 40.05453936348409,
                    "max": 79708.53333413911,
                    "brute_step": null,
                    "stderr": 12.833043251568792,
                    "correl": {
                        "fr": 0.00031465231615326243,
                        "Qe": 0.8410110310904638,
                        "A": -0.5073412390092157,
                        "theta": 0.055322006302235584,
                        "phi_v": 0.4887055993084562,
                        "phi_0": -0.48870230009121735,
                        "alpha": 0.07616937342542077
                    },
                    "value": 2784.3740711873065
                },
                "Qe": {
                    "name": "Qe",
                    "user_data": null,
                    "init_value": 1768.941514911023,
                    "min": 0,
                    "max": Infinity,
                    "brute_step": null,
                    "stderr": 11.886123667055701,
                    "correl": {
                        "fr": 0.055998657881776354,
                        "Ql": 0.8410110310904638,
                        "A": -0.43571140384245205,
                        "theta": -0.0003575858374702929,
                        "phi_v": 0.6244796724319452,
                        "phi_0": -0.624501891145149,
                        "alpha": 0.0037694856005965555
                    },
                    "value": 3218.0343643592146
                },
                "A": {
                    "name": "A",
                    "user_data": null,
                    "init_value": 0.009599477580289143,
                    "min": 0,
                    "max": Infinity,
                    "brute_step": null,
                    "stderr": 1.0778909803508606e-05,
                    "correl": {
                        "fr": 0.18078503857985428,
                        "Ql": -0.5073412390092157,
                        "Qe": -0.43571140384245205,
                        "theta": -0.2632395103727453,
                        "phi_v": -0.2454697999773465,
                        "phi_0": 0.24539313743119562,
                        "alpha": -0.37737016210327906
                    },
                    "value": 0.011018292524113571
                },
                "theta": {
                    "name": "theta",
                    "user_data": null,
                    "init_value": 0,
                    "min": -1.5707963267948966,
                    "max": 1.5707963267948966,
                    "brute_step": null,
                    "stderr": 0.003693869399822251,
                    "correl": {
                        "fr": -0.8410420456044415,
                        "Ql": 0.055322006302235584,
                        "Qe": -0.0003575858374702929,
                        "A": -0.2632395103727453,
                        "phi_v": -0.0011774076304336878,
                        "phi_0": 0.0015259739215618333,
                        "alpha": 0.6245254342419503
                    },
                    "value": 0.2100133905020991
                },
                "phi_v": {
                    "name": "phi_v",
                    "user_data": null,
                    "init_value": -1.5789797584367517e-07,
                    "min": -Infinity,
                    "max": Infinity,
                    "brute_step": null,
                    "stderr": 2.094739925952323e-10,
                    "correl": {
                        "fr": 0.07419932901584984,
                        "Ql": 0.4887055993084562,
                        "Qe": 0.6244796724319452,
                        "A": -0.2454697999773465,
                        "theta": -0.0011774076304336878,
                        "phi_0": -0.999999737528514,
                        "alpha": 0.004747223713293918
                    },
                    "value": -8.156906561858453e-08
                },
                "phi_0": {
                    "name": "phi_0",
                    "user_data": null,
                    "init_value": 944.6895481803132,
                    "min": -Infinity,
                    "max": Infinity,
                    "brute_step": null,
                    "stderr": 1.258882427334584,
                    "correl": {
                        "fr": -0.07457996997598121,
                        "Ql": -0.48870230009121735,
                        "Qe": -0.624501891145149,
                        "A": 0.24539313743119562,
                        "theta": 0.0015259739215618333,
                        "phi_v": -0.999999737528514,
                        "alpha": -0.004540060743819962
                    },
                    "value": 486.66607275383
                },
                "alpha": {
                    "name": "alpha",
                    "user_data": null,
                    "init_value": 0,
                    "min": -1,
                    "max": 1,
                    "brute_step": null,
                    "stderr": 1.261129571632954,
                    "correl": {
                        "fr": -0.48840788570420174,
                        "Ql": 0.07616937342542077,
                        "Qe": 0.0037694856005965555,
                        "A": -0.37737016210327906,
                        "theta": 0.6245254342419503,
                        "phi_v": 0.004747223713293918,
                        "phi_0": -0.004540060743819962
                    },
                    "value": 0.7242735261658808
                },
                "Qi": {
                    "name": "Qi",
                    "user_data": null,
                    "init_value": -89331.54650300792,
                    "min": -Infinity,
                    "max": Infinity,
                    "brute_step": null,
                    "stderr": 308.95308122798895,
                    "correl": null,
                    "value": 18107.355363928145
                },
                "Qc": {
                    "name": "Qc",
                    "user_data": null,