{
    "fit_success": true,
    "T1": {
        "__dtype__": "UFloat",
        "nominal_value": 9.486977402328733e-06,
        "std_dev": 4.789020464312161e-07
    },
    "fit_msg": "Summary\n$T1$: 9.49$\\pm$0.48 \u03bcs\namplitude: 362.1$\\pm$8.6 \u03bcV\noffset: 580.3$\\pm$3.6 \u03bcV",
    "fit_result": {
        "exp_decay_func": {
            "success": true,
            "message": "Fit succeeded.",
            "params": {
                "tau": {
                    "name": "tau",
                    "user_data": null,
                    "init_value": 2.524e-05,
                    "min": 0,
                    "max": Infinity,
                    "brute_step": null,
                    "stderr": 4.789020464312161e-07,
                    "correl": {
                        "amplitude": -0.3980421146400145,
                        "offset": -0.7257283962121798
                    },
                    "value": 9.486977402328733e-06
                },
                "amplitude": {
                    "name": "amplitude",
                    "user_data": null,
                    "init_value": 0.0003647051594118132,
                    "min": -Infinity,
                    "max": Infinity,
                    "brute_step": null,
                    "stderr": 8.59867830398007e-06,
                    "correl": {
                        "tau": -0.3980421146400145,
                        "offset": -0.0937047289371278
                    },
                    "value": 0.0003621430857250667
                },
                "offset": {
                    "name": "offset",
                    "user_data": null,
                    "init_value": 0.000593721093936613,
                    "min": -Infinity,
                    "max": Infinity,
                    "brute_step": null,
                    "stderr": 3.6226201570880766e-06,
                    "correl": {
                        "tau": -0.7257283962121798,
                        "amplitude": -0.0937047289371278
                    },
                    "value": 0.0005803249751483231
                },
                "n_factor": {
                    "name": "n_factor",
                    "user_data": null,
                    "init_value": 1,
                    "min": -Infinity,
                    "max": Infinity,
                    "brute_step": null,
                    "stderr": 0.0,
                    "correl": null,
                    "value": 1
                }
            }
        }
    }
}