{
    "amplitude": {
        "__dtype__": "UFloat",
        "nominal_value": 175637.55075381466,
        "std_dev": 16334.046353813103
    },
    "frequency": {
        "__dtype__": "UFloat",
        "nominal_value": 8.931565479187702,
        "std_dev": 0.5361665731433333
    },
    "shift": {
        "__dtype__": "UFloat",
        "nominal_value": 0.7661344886051458,
        "std_dev": 0.0971927579101206
    },
    "offset": {
        "__dtype__": "UFloat",
        "nominal_value": 5913740000.0,
        "std_dev": 27129.31993255282
    },
    "offset_0": {
        "__dtype__": "UFloat",
        "nominal_value": 0.09009191502483753,
        "std_dev": 0.012151787715452896
    },
    "freq_0": 5913915637.550754,
    "fit_success": true,
    "fit_msg": "Summary:\nf_0: 5.9139 GHz\noffset_0: 90$\\pm$12 mV\n",
    "fit_result": {
        "sin": {
            "success": true,
            "message": "Fit succeeded.",
            "params": {
                "amplitude": {
                    "name": "amplitude",
                    "user_data": null,
                    "init_value": 171994.22116137925,
                    "min": 0,
                    "max": Infinity,
                    "brute_step": null,
                    "stderr": 16334.046353813103,
                    "correl": {
                        "frequency": -0.022598296610134752,
                        "shift": 0.1181158017146159
                    },
                    "value": 175637.55075381466
                },
                "frequency": {
                    "name": "frequency",
                    "user_data": null,
                    "init_value": 10.053096491487338,
                    "min": 0,
                    "max": Infinity,
                    "brute_step": null,
                    "stderr": 0.5361665731433333,
                    "correl": {
                        "amplitude": -0.022598296610134752,
                        "shift": -0.2769059730439839
                    },
                    "value": 8.931565479187702
                },
                "shift": {
                    "name": "shift",
                    "user_data": null,
                    "init_value": 0.5711986642890533,
                    "min": -6.283195307179586,
                    "max": 6.283195307179586,
                    "brute_step": null,
                    "stderr": 0.0971927579101206,
                    "correl": {
                        "amplitude": 0.1181158017146159,
                        "frequency": -0.2769059730439839
                    },
                    "value": 0.7661344886051458
                },
                "offset": {
                    "name": "offset",
                    "user_data": null,
                    "init_value": 5913740000.0,
                    "min": -Infinity,
                    "max": Infinity,
                    "brute_step": null,
                    "stderr": 27129.31993255282,
                    "correl": null,
                    "value": 5913740000.0
                }
            }
        }
    }
}