{
    "fit_success": true,
    "T1": {
        "__dtype__": "UFloat",
        "nominal_value": 8.425794961297584e-06,
        "std_dev": 4.381645099475241e-07
    },
    "fit_msg": "Summary\n$T1$: 8.43$\\pm$0.44 \u03bcs\namplitude: 362.7$\\pm$9.4 \u03bcV\noffset: 592.2$\\pm$3.4 \u03bcV",
    "fit_result": {
        "exp_decay_func": {
            "success": true,
            "message": "Fit succeeded.",
            "params": {
                "tau": {
                    "name": "tau",
                    "user_data": null,
                    "init_value": 2.524e-05,
                    "min": 0,
                    "max": Infinity,
                    "brute_step": null,
                    "stderr": 4.381645099475241e-07,
                    "correl": {
                        "amplitude": -0.44498196157303876,
                        "offset": -0.6791927467394502
                    },
                    "value": 8.425794961297584e-06
                },
                "amplitude": {
                    "name": "amplitude",
                    "user_data": null,
                    "init_value": 0.000372742055708383,
                    "min": -Infinity,
                    "max": Infinity,
                    "brute_step": null,
                    "stderr": 9.40961407490368e-06,
                    "correl": {
                        "tau": -0.44498196157303876,
                        "offset": -0.07413894900374517
                    },
                    "value": 0.0003626919386614252
                },
                "offset": {
                    "name": "offset",
                    "user_data": null,
                    "init_value": 0.0005981716893664031,
                    "min": -Infinity,
                    "max": Infinity,
                    "brute_step": null,
                    "stderr": 3.434562405930043e-06,
                    "correl": {
                        "tau": -0.6791927467394502,
                        "amplitude": -0.07413894900374517
                    },
                    "value": 0.0005921865532296205
                },
                "n_factor": {
                    "name": "n_factor",
                    "user_data": null,
                    "init_value": 1,
                    "min": -Infinity,
                    "max": Infinity,
                    "brute_step": null,
                    "stderr": 0.0,
                    "correl": null,
                    "value": 1
                }
            }
        }
    }
}