{
    "fit_success": true,
    "T1": {
        "__dtype__": "UFloat",
        "nominal_value": 8.4637763539952e-06,
        "std_dev": 4.4335931971154514e-07
    },
    "fit_msg": "Summary\n$T1$: 8.46$\\pm$0.44 \u03bcs\namplitude: 368.2$\\pm$9.6 \u03bcV\noffset: 583.3$\\pm$3.5 \u03bcV",
    "fit_result": {
        "exp_decay_func": {
            "success": true,
            "message": "Fit succeeded.",
            "params": {
                "tau": {
                    "name": "tau",
                    "user_data": null,
                    "init_value": 2.524e-05,
                    "min": 0,
                    "max": Infinity,
                    "brute_step": null,
                    "stderr": 4.4335931971154514e-07,
                    "correl": {
                        "amplitude": -0.4434596950682541,
                        "offset": -0.6809533359831412
                    },
                    "value": 8.4637763539952e-06
                },
                "amplitude": {
                    "name": "amplitude",
                    "user_data": null,
                    "init_value": 0.00038545867063936694,
                    "min": -Infinity,
                    "max": Infinity,
                    "brute_step": null,
                    "stderr": 9.601971209975013e-06,
                    "correl": {
                        "tau": -0.4434596950682541,
                        "offset": -0.07468672266679628
                    },
                    "value": 0.00036815166967653075
                },
                "offset": {
                    "name": "offset",
                    "user_data": null,
                    "init_value": 0.0005814755443677075,
                    "min": -Infinity,
                    "max": Infinity,
                    "brute_step": null,
                    "stderr": 3.5227647023116565e-06,
                    "correl": {
                        "tau": -0.6809533359831412,
                        "amplitude": -0.07468672266679628
                    },
                    "value": 0.000583292389414899
                },
                "n_factor": {
                    "name": "n_factor",
                    "user_data": null,
                    "init_value": 1,
                    "min": -Infinity,
                    "max": Infinity,
                    "brute_step": null,
                    "stderr": 0.0,
                    "correl": null,
                    "value": 1
                }
            }
        }
    }
}