{
    "fit_success": true,
    "T1": {
        "__dtype__": "UFloat",
        "nominal_value": 9.257198030132585e-06,
        "std_dev": 4.2791066128534977e-07
    },
    "fit_msg": "Summary\n$T1$: 9.26$\\pm$0.43 \u03bcs\namplitude: 361.8$\\pm$8.0 \u03bcV\noffset: 573.0$\\pm$3.3 \u03bcV",
    "fit_result": {
        "exp_decay_func": {
            "success": true,
            "message": "Fit succeeded.",
            "params": {
                "tau": {
                    "name": "tau",
                    "user_data": null,
                    "init_value": 2.524e-05,
                    "min": 0,
                    "max": Infinity,
                    "brute_step": null,
                    "stderr": 4.2791066128534977e-07,
                    "correl": {
                        "amplitude": -0.40894191012578135,
                        "offset": -0.7161861657127875
                    },
                    "value": 9.257198030132585e-06
                },
                "amplitude": {
                    "name": "amplitude",
                    "user_data": null,
                    "init_value": 0.00036635339989825636,
                    "min": -Infinity,
                    "max": Infinity,
                    "brute_step": null,
                    "stderr": 7.970570276215658e-06,
                    "correl": {
                        "tau": -0.40894191012578135,
                        "offset": -0.08870785862577758
                    },
                    "value": 0.0003618269027145368
                },
                "offset": {
                    "name": "offset",
                    "user_data": null,
                    "init_value": 0.0005782313388441588,
                    "min": -Infinity,
                    "max": Infinity,
                    "brute_step": null,
                    "stderr": 3.255785457418067e-06,
                    "correl": {
                        "tau": -0.7161861657127875,
                        "amplitude": -0.08870785862577758
                    },
                    "value": 0.0005730144302750168
                },
                "n_factor": {
                    "name": "n_factor",
                    "user_data": null,
                    "init_value": 1,
                    "min": -Infinity,
                    "max": Infinity,
                    "brute_step": null,
                    "stderr": 0.0,
                    "correl": null,
                    "value": 1
                }
            }
        }
    }
}