{
    "fit_success": true,
    "T1": {
        "__dtype__": "UFloat",
        "nominal_value": 1.0151574418415521e-05,
        "std_dev": 5.560099691130669e-07
    },
    "fit_msg": "Summary\n$T1$: 10.15$\\pm$0.56 \u03bcs\namplitude: 363.3$\\pm$9.0 \u03bcV\noffset: 579.7$\\pm$4.1 \u03bcV",
    "fit_result": {
        "exp_decay_func": {
            "success": true,
            "message": "Fit succeeded.",
            "params": {
                "tau": {
                    "name": "tau",
                    "user_data": null,
                    "init_value": 2.524e-05,
                    "min": 0,
                    "max": Infinity,
                    "brute_step": null,
                    "stderr": 5.560099691130669e-07,
                    "correl": {
                        "amplitude": -0.36405207957614716,
                        "offset": -0.7517186880183904
                    },
                    "value": 1.0151574418415521e-05
                },
                "amplitude": {
                    "name": "amplitude",
                    "user_data": null,
                    "init_value": 0.00038219777666727577,
                    "min": -Infinity,
                    "max": Infinity,
                    "brute_step": null,
                    "stderr": 9.003050395360206e-06,
                    "correl": {
                        "tau": -0.36405207957614716,
                        "offset": -0.11073601073871794
                    },
                    "value": 0.0003632715257352489
                },
                "offset": {
                    "name": "offset",
                    "user_data": null,
                    "init_value": 0.0005892827907321269,
                    "min": -Infinity,
                    "max": Infinity,
                    "brute_step": null,
                    "stderr": 4.1456458338628635e-06,
                    "correl": {
                        "tau": -0.7517186880183904,
                        "amplitude": -0.11073601073871794
                    },
                    "value": 0.0005797047864385725
                },
                "n_factor": {
                    "name": "n_factor",
                    "user_data": null,
                    "init_value": 1,
                    "min": -Infinity,
                    "max": Infinity,
                    "brute_step": null,
                    "stderr": 0.0,
                    "correl": null,
                    "value": 1
                }
            }
        }
    }
}