{
    "fit_success": true,
    "Qi": {
        "__dtype__": "UFloat",
        "nominal_value": 9353.498852882103,
        "std_dev": 173.80638762753966
    },
    "Qe": {
        "__dtype__": "UFloat",
        "nominal_value": 9036.146744389627,
        "std_dev": 149.1131995520042
    },
    "Ql": {
        "__dtype__": "UFloat",
        "nominal_value": 4957.608289487674,
        "std_dev": 81.40556068810938
    },
    "Qc": {
        "__dtype__": "UFloat",
        "nominal_value": 10548.711979980435,
        "std_dev": 203.21619621053551
    },
    "fr": {
        "__dtype__": "UFloat",
        "nominal_value": 5719747854.570871,
        "std_dev": 9472.764830293285
    },
    "fit_msg": "Summary\n$Q_I$: 9.35$\\pm$0.17 k\n$Q_C$: 10.55$\\pm$0.20 k\n$f_{res}$: 5.7197479$\\pm$9.5e-06 GHz",
    "fit_result": {
        "hanger_func_complex_SI": {
            "success": true,
            "message": "Fit succeeded.",
            "params": {
                "fr": {
                    "name": "fr",
                    "user_data": null,
                    "init_value": 5719998241.20603,
                    "min": 5718350000.0,
                    "max": 5722350000.0,
                    "brute_step": null,
                    "stderr": 9472.764830293285,
                    "correl": {
                        "Ql": 2.5935465584367163e-05,
                        "Qe": 0.14488493919105788,
                        "A": 0.38957967066098426,
                        "theta": -0.9123563571705794,
                        "phi_v": 0.023541380810850186,
                        "phi_0": -0.023730217182447874,
                        "alpha": 0.6594230750527164
                    },
                    "value": 5719747854.570871
                },
                "Ql": {
                    "name": "Ql",
                    "user_data": null,
                    "init_value": 6442.935978589952,
                    "min": 142.99995603015074,
                    "max": 284569.9125082773,
                    "brute_step": null,
                    "stderr": 81.40556068810938,
                    "correl": {
                        "fr": 2.5935465584367163e-05,
                        "Qe": 0.9123547112666164,
                        "A": -0.6825833451393241,
                        "theta": 0.14487589092868564,
                        "phi_v": 0.6595658361510249,
                        "phi_0": -0.6595842347151527,
                        "alpha": -0.027150237695380455
                    },
                    "value": 4957.608289487674
                },
                "Qe": {
                    "name": "Qe",
                    "user_data": null,
                    "init_value": 6315.353087924805,
                    "min": 0,
                    "max": Infinity,
                    "brute_step": null,
                    "stderr": 149.1131995520042,
                    "correl": {
                        "fr": 0.14488493919105788,
                        "Ql": 0.9123547112666164,
                        "A": -0.6199632531330102,
                        "theta": 1.9865739138344128e-05,
                        "phi_v": 0.7692479051164764,
                        "phi_0": -0.7693006579113734,
                        "alpha": 0.12898539641764872
                    },
                    "value": 9036.146744389627
                },
                "A": {
                    "name": "A",
                    "user_data": null,
                    "init_value": 0.003400841642573127,
                    "min": 0,
                    "max": Infinity,
                    "brute_step": null,
                    "stderr": 1.499397129631904e-05,
                    "correl": {
                        "fr": 0.38957967066098426,
                        "Ql": -0.6825833451393241,
                        "Qe": -0.6199632531330102,
                        "theta": -0.5645617430000076,
                        "phi_v": -0.5359023968512232,
                        "phi_0": 0.5358272253836206,
                        "alpha": 0.4924610567910668
                    },
                    "value": 0.0040766512280225875
                },
                "theta": {
                    "name": "theta",
                    "user_data": null,
                    "init_value": 0,
                    "min": -1.5707963267948966,
                    "max": 1.5707963267948966,
                    "brute_step": null,
                    "stderr": 0.016502727153688286,
                    "correl": {
                        "fr": -0.9123563571705794,
                        "Ql": 0.14487589092868564,
                        "Qe": 1.9865739138344128e-05,
                        "A": -0.5645617430000076,
                        "phi_v": 0.13321334464613707,
                        "phi_0": -0.13301987123931405,
                        "alpha": -0.7699476458322744
                    },
                    "value": 0.5421304751419234
                },
                "phi_v": {
                    "name": "phi_v",
                    "user_data": null,
                    "init_value": -1.8894865552475978e-07,
                    "min": -Infinity,
                    "max": Infinity,
                    "brute_step": null,
                    "stderr": 2.3433841047681647e-09,
                    "correl": {
                        "fr": 0.023541380810850186,
                        "Ql": 0.6595658361510249,
                        "Qe": 0.7692479051164764,
                        "A": -0.5359023968512232,
                        "theta": 0.13321334464613707,
                        "phi_0": -0.9999999702879552,
                        "alpha": -0.005376665748260927
                    },
                    "value": -9.141850445823898e-08
                },
                "phi_0": {
                    "name": "phi_0",
                    "user_data": null,
                    "init_value": 1078.8530142048942,
                    "min": -Infinity,
                    "max": Infinity,
                    "brute_step": null,
                    "stderr": 13.405372491450343,
                    "correl": {
                        "fr": -0.023730217182447874,
                        "Ql": -0.6595842347151527,
                        "Qe": -0.7693006579113734,
                        "A": 0.5358272253836206,
                        "theta": -0.13301987123931405,
                        "phi_v": -0.9999999702879552,
                        "alpha": 0.00522239034541433
                    },
                    "value": 521.3673603342751
                },
                "alpha": {
                    "name": "alpha",
                    "user_data": null,
                    "init_value": 0,
                    "min": -1,
                    "max": 1,
                    "brute_step": null,
                    "stderr": 15.358739569596388,
                    "correl": {
                        "fr": 0.6594230750527164,
                        "Ql": -0.027150237695380455,
                        "Qe": 0.12898539641764872,
                        "A": 0.4924610567910668,
                        "theta": -0.7699476458322744,
                        "phi_v": -0.005376665748260927,
                        "phi_0": 0.00522239034541433
                    },
                    "value": -0.9991854344626842
                },
                "Qi": {
                    "name": "Qi",
                    "user_data": null,
                    "init_value": -318925.3309402024,
                    "min": -Infinity,
                    "max": Infinity,
                    "brute_step": null,
                    "stderr": 173.80638762753966,
                    "correl": null,
                    "value": 9353.498852882103
                },
                "Qc": {
                    "name": "Qc",
                    "user_data": null,
                    "init_value": 6315.353087924805,