{
    "fit_success": true,
    "Qi": {
        "__dtype__": "UFloat",
        "nominal_value": 21629.163252843904,
        "std_dev": 413.00126939935495
    },
    "Qe": {
        "__dtype__": "UFloat",
        "nominal_value": 3126.103259467516,
        "std_dev": 9.878252849554965
    },
    "Ql": {
        "__dtype__": "UFloat",
        "nominal_value": 2762.6039055558895,
        "std_dev": 11.207026680281137
    },
    "Qc": {
        "__dtype__": "UFloat",
        "nominal_value": 3167.128132708612,
        "std_dev": 10.138573209361931
    },
    "fr": {
        "__dtype__": "UFloat",
        "nominal_value": 6008023697.988551,
        "std_dev": 4411.253077293937
    },
    "fit_msg": "Summary\n$Q_I$: 21.63$\\pm$0.41 k\n$Q_C$: 3.167$\\pm$0.010 k\n$f_{res}$: 6.0080237$\\pm$4.4e-06 GHz",
    "fit_result": {
        "hanger_func_complex_SI": {
            "success": true,
            "message": "Fit succeeded.",
            "params": {
                "fr": {
                    "name": "fr",
                    "user_data": null,
                    "init_value": 6008148241.20603,
                    "min": 5998500000.0,
                    "max": 6018500000.0,
                    "brute_step": null,
                    "stderr": 4411.253077293937,
                    "correl": {
                        "Ql": 0.0003666155731680942,
                        "Qe": 0.022444270104066136,
                        "A": 0.0821408941130884,
                        "theta": -0.8150425046098722,
                        "phi_v": -0.03382799933358128,
                        "phi_0": 0.033402621675933705,
                        "alpha": 0.43192314615519345
                    },
                    "value": 6008023697.988551
                },
                "Ql": {
                    "name": "Ql",
                    "user_data": null,
                    "init_value": 1353.5009220301954,
                    "min": 30.04074120603015,
                    "max": 59781.07500003705,
                    "brute_step": null,
                    "stderr": 11.207026680281137,
                    "correl": {
                        "fr": 0.0003666155731680942,
                        "Qe": 0.8150429780060177,
                        "A": -0.43662610692128434,
                        "theta": 0.021662223769780838,
                        "phi_v": 0.4317754710994014,
                        "phi_0": -0.4318240204535419,
                        "alpha": 0.03256490317377289
                    },
                    "value": 2762.6039055558895
                },
                "Qe": {
                    "name": "Qe",
                    "user_data": null,
                    "init_value": 1326.698923574152,
                    "min": 0,
                    "max": Infinity,
                    "brute_step": null,
                    "stderr": 9.878252849554965,
                    "correl": {
                        "fr": 0.022444270104066136,
                        "Ql": 0.8150429780060177,
                        "A": -0.3766854126144835,
                        "theta": -0.0004008911418155715,
                        "phi_v": 0.5598416852943892,
                        "phi_0": -0.5599145061974423,
                        "alpha": 0.06809557383985204
                    },
                    "value": 3126.103259467516
                },
                "A": {
                    "name": "A",
                    "user_data": null,
                    "init_value": 0.01006871072749168,
                    "min": 0,
                    "max": Infinity,
                    "brute_step": null,
                    "stderr": 7.98696535078996e-06,
                    "correl": {
                        "fr": 0.0821408941130884,
                        "Ql": -0.43662610692128434,
                        "Qe": -0.3766854126144835,
                        "theta": -0.11643987644044085,
                        "phi_v": -0.20090345008856267,
                        "phi_0": 0.20088996355261277,
                        "alpha": 0.07426995735590777
                    },
                    "value": 0.011165986873815426
                },
                "theta": {
                    "name": "theta",
                    "user_data": null,
                    "init_value": 0,
                    "min": -1.5707963267948966,
                    "max": 1.5707963267948966,
                    "brute_step": null,
                    "stderr": 0.0031598253295623585,
                    "correl": {
                        "fr": -0.8150425046098722,
                        "Ql": 0.021662223769780838,
                        "Qe": -0.0004008911418155715,
                        "A": -0.11643987644044085,
                        "phi_v": 0.06990495230584284,
                        "phi_0": -0.0695328991062891,
                        "alpha": -0.5601292403498568
                    },
                    "value": 0.16112974465900365
                },
                "phi_v": {
                    "name": "phi_v",
                    "user_data": null,
                    "init_value": -1.213090034358971e-07,
                    "min": -Infinity,
                    "max": Infinity,
                    "brute_step": null,
                    "stderr": 1.2438013135391514e-10,
                    "correl": {
                        "fr": -0.03382799933358128,
                        "Ql": 0.4317754710994014,
                        "Qe": 0.5598416852943892,
                        "A": -0.20090345008856267,
                        "theta": 0.06990495230584284,
                        "phi_0": -0.9999995421122597,
                        "alpha": -0.004078301989717201
                    },
                    "value": -7.126719496814263e-08
                },
                "phi_0": {
                    "name": "phi_0",
                    "user_data": null,
                    "init_value": 725.8533198031059,
                    "min": -Infinity,
                    "max": Infinity,
                    "brute_step": null,
                    "stderr": 0.7473325735871151,
                    "correl": {
                        "fr": 0.033402621675933705,
                        "Ql": -0.4318240204535419,
                        "Qe": -0.5599145061974423,
                        "A": 0.20088996355261277,
                        "theta": -0.0695328991062891,
                        "phi_v": -0.9999995421122597,
                        "alpha": 0.003874193655994931
                    },
                    "value": 425.7841394845099
                },
                "alpha": {
                    "name": "alpha",
                    "user_data": null,
                    "init_value": 0,
                    "min": -1,
                    "max": 1,
                    "brute_step": null,
                    "stderr": 0.9963932345363024,
                    "correl": {
                        "fr": 0.43192314615519345,
                        "Ql": 0.03256490317377289,
                        "Qe": 0.06809557383985204,
                        "A": 0.07426995735590777,
                        "theta": -0.5601292403498568,
                        "phi_v": -0.004078301989717201,
                        "phi_0": 0.003874193655994931
                    },
                    "value": 0.9999705850539446
                },
                "Qi": {
                    "name": "Qi",
                    "user_data": null,
                    "init_value": -66998.29564049539,
                    "min": -Infinity,
                    "max": Infinity,
                    "brute_step": null,
                    "stderr": 413.00126939935495,
                    "correl": null,
                    "value": 21629.163252843904
                },
                "Qc": {
                    "name": "Qc",
                    "user_data": null,
                    "init_value": 1326.698923574152,