{
    "fit_success": true,
    "T1": {
        "__dtype__": "UFloat",
        "nominal_value": 9.403820610431879e-06,
        "std_dev": 4.750660143077938e-07
    },
    "fit_msg": "Summary\n$T1$: 9.40$\\pm$0.48 \u03bcs\namplitude: 341.6$\\pm$8.2 \u03bcV\noffset: 575.0$\\pm$3.4 \u03bcV",
    "fit_result": {
        "exp_decay_func": {
            "success": true,
            "message": "Fit succeeded.",
            "params": {
                "tau": {
                    "name": "tau",
                    "user_data": null,
                    "init_value": 2.524e-05,
                    "min": 0,
                    "max": Infinity,
                    "brute_step": null,
                    "stderr": 4.750660143077938e-07,
                    "correl": {
                        "amplitude": -0.4020206311480472,
                        "offset": -0.7223216561560363
                    },
                    "value": 9.403820610431879e-06
                },
                "amplitude": {
                    "name": "amplitude",
                    "user_data": null,
                    "init_value": 0.0003732429077991438,
                    "min": -Infinity,
                    "max": Infinity,
                    "brute_step": null,
                    "stderr": 8.15538540190415e-06,
                    "correl": {
                        "tau": -0.4020206311480472,
                        "offset": -0.09185223359792205
                    },
                    "value": 0.0003415981191912181
                },
                "offset": {
                    "name": "offset",
                    "user_data": null,
                    "init_value": 0.0005649811606679314,
                    "min": -Infinity,
                    "max": Infinity,
                    "brute_step": null,
                    "stderr": 3.3978154624323746e-06,
                    "correl": {
                        "tau": -0.7223216561560363,
                        "amplitude": -0.09185223359792205
                    },
                    "value": 0.0005749906075939984
                },
                "n_factor": {
                    "name": "n_factor",
                    "user_data": null,
                    "init_value": 1,
                    "min": -Infinity,
                    "max": Infinity,
                    "brute_step": null,
                    "stderr": 0.0,
                    "correl": null,
                    "value": 1
                }
            }
        }
    }
}