{
    "fit_success": true,
    "Qi": {
        "__dtype__": "UFloat",
        "nominal_value": 92.71077633267825,
        "std_dev": 18715.98035303807
    },
    "Qe": {
        "__dtype__": "UFloat",
        "nominal_value": 1069.9335179171546,
        "std_dev": 689293.8133874312
    },
    "Ql": {
        "__dtype__": "UFloat",
        "nominal_value": 86.1037964365704,
        "std_dev": 20343.8739174399
    },
    "Qc": {
        "__dtype__": "UFloat",
        "nominal_value": 1208.2297719004628,
        "std_dev": 882520.7696834928
    },
    "fr": {
        "__dtype__": "UFloat",
        "nominal_value": 6018499802.924755,
        "std_dev": 2086256763.4945743
    },
    "fit_msg": "Summary\n$Q_I$: 93.$\\pm$1.9e+04 \n$Q_C$: 1.2$\\pm$8.8e+02 k\n$f_{res}$: 6.0$\\pm$2.1 GHz",
    "fit_result": {
        "hanger_func_complex_SI": {
            "success": true,
            "message": "Fit succeeded.",
            "params": {
                "fr": {
                    "name": "fr",
                    "user_data": null,
                    "init_value": 6008500000.0,
                    "min": 6008500000.0,
                    "max": 6018500000.0,
                    "brute_step": null,
                    "stderr": 2086256763.4945743,
                    "correl": {
                        "Ql": -0.009775700234017748,
                        "Qe": 0.15721327133203378,
                        "A": 0.2330415088735819,
                        "theta": 0.9860021236012171,
                        "phi_v": -0.07333663916287653,
                        "phi_0": 0.0845196617940214,
                        "alpha": -0.9950019398364762
                    },
                    "value": 6018499802.924755
                },
                "Ql": {
                    "name": "Ql",
                    "user_data": null,
                    "init_value": 2707.160330792556,
                    "min": 60.08500000000001,
                    "max": 119569.15000120872,
                    "brute_step": null,
                    "stderr": 20343.8739174399,
                    "correl": {
                        "fr": -0.009775700234017748,
                        "Qe": 0.98572968825349,
                        "A": -0.9740519248584747,
                        "theta": -0.17487343298290303,
                        "phi_v": 0.9953845407450541,
                        "phi_0": -0.9946026082842471,
                        "alpha": -0.05956876878311573
                    },
                    "value": 86.1037964365704
                },
                "Qe": {
                    "name": "Qe",
                    "user_data": null,
                    "init_value": 2653.5531955293372,
                    "min": 0,
                    "max": Infinity,
                    "brute_step": null,
                    "stderr": 689293.8133874312,
                    "correl": {
                        "fr": 0.15721327133203378,
                        "Ql": 0.98572968825349,
                        "A": -0.9235379667703437,
                        "theta": -0.008135998510263403,
                        "phi_v": 0.9721075034069478,
                        "phi_0": -0.969468192486022,
                        "alpha": -0.225259480897767
                    },
                    "value": 1069.9335179171546
                },
                "A": {
                    "name": "A",
                    "user_data": null,
                    "init_value": 0.009807387101453775,
                    "min": 0,
                    "max": Infinity,
                    "brute_step": null,
                    "stderr": 0.37551926158407856,
                    "correl": {
                        "fr": 0.2330415088735819,
                        "Ql": -0.9740519248584747,
                        "Qe": -0.9235379667703437,
                        "theta": 0.3907626437424477,
                        "phi_v": -0.9862269868786477,
                        "phi_0": 0.9879721353025837,
                        "alpha": -0.16519032265004477
                    },
                    "value": 0.01057541219101199
                },
                "theta": {
                    "name": "theta",
                    "user_data": null,
                    "init_value": 0,
                    "min": -1.5707963267948966,
                    "max": 1.5707963267948966,
                    "brute_step": null,
                    "stderr": 646.1889703367426,
                    "correl": {
                        "fr": 0.9860021236012171,
                        "Ql": -0.17487343298290303,
                        "Qe": -0.008135998510263403,
                        "A": 0.3907626437424477,
                        "phi_v": -0.2370965412088786,
                        "phi_0": 0.2479843791156763,
                        "alpha": -0.9711608445986634
                    },
                    "value": -0.48314526984102324
                },
                "phi_v": {
                    "name": "phi_v",
                    "user_data": null,
                    "init_value": -1.2467630156674385e-07,
                    "min": -Infinity,
                    "max": Infinity,
                    "brute_step": null,
                    "stderr": 5.21383687480446e-07,
                    "correl": {
                        "fr": -0.07333663916287653,
                        "Ql": 0.9953845407450541,
                        "Qe": 0.9721075034069478,
                        "A": -0.9862269868786477,
                        "theta": -0.2370965412088786,
                        "phi_0": -0.9999369958678868,
                        "alpha": 0.004030495007979672
                    },
                    "value": -1.1193878518763095e-07
                },
                "phi_0": {
                    "name": "phi_0",
                    "user_data": null,
                    "init_value": 746.2922067627705,
                    "min": -Infinity,
                    "max": Infinity,
                    "brute_step": null,
                    "stderr": 3131.4384258756086,
                    "correl": {
                        "fr": 0.0845196617940214,
                        "Ql": -0.9946026082842471,
                        "Qe": -0.969468192486022,
                        "A": 0.9879721353025837,
                        "theta": 0.2479843791156763,
                        "phi_v": -0.9999369958678868,
                        "alpha": -0.015247283720883919
                    },
                    "value": 669.4779261055658
                },
                "alpha": {
                    "name": "alpha",
                    "user_data": null,
                    "init_value": 0,
                    "min": -1,
                    "max": 1,
                    "brute_step": null,
                    "stderr": 4067.888137144618,
                    "correl": {
                        "fr": -0.9950019398364762,
                        "Ql": -0.05956876878311573,
                        "Qe": -0.225259480897767,
                        "A": -0.16519032265004477,
                        "theta": -0.9711608445986634,
                        "phi_v": 0.004030495007979672,
                        "phi_0": -0.015247283720883919
                    },
                    "value": 0.9982053089720924
                },
                "Qi": {
                    "name": "Qi",
                    "user_data": null,
                    "init_value": -134004.43637423127,
                    "min": -Infinity,
                    "max": Infinity,
                    "brute_step": null,
                    "stderr": 18715.98035303807,
                    "correl": null,
                    "value": 92.71077633267825
                },
                "Qc": {
                    "name": "Qc",
                    "user_data": null,
                    "init_value": 2653.5531955293372,
                    "min": -Infinity,