{
    "amplitude": {
        "__dtype__": "UFloat",
        "nominal_value": 449876.621735579,
        "std_dev": 13591.558600675498
    },
    "frequency": {
        "__dtype__": "UFloat",
        "nominal_value": 10.518055906092473,
        "std_dev": 0.16503685979898533
    },
    "shift": {
        "__dtype__": "UFloat",
        "nominal_value": 0.645670898577051,
        "std_dev": 0.03056944770275845
    },
    "offset": {
        "__dtype__": "UFloat",
        "nominal_value": 6008093333.333332,
        "std_dev": 63860.960079058175
    },
    "offset_0": {
        "__dtype__": "UFloat",
        "nominal_value": 0.0879559337274464,
        "std_dev": 0.0032174074087775633
    },
    "freq_0": 6008543209.955068,
    "fit_success": true,
    "fit_msg": "Summary:\nf_0: 6.0085 GHz\noffset_0: 88.0$\\pm$3.2 mV\n",
    "fit_result": {
        "sin": {
            "success": true,
            "message": "Fit succeeded.",
            "params": {
                "amplitude": {
                    "name": "amplitude",
                    "user_data": null,
                    "init_value": 445661.72924610286,
                    "min": 0,
                    "max": Infinity,
                    "brute_step": null,
                    "stderr": 13591.558600675498,
                    "correl": {
                        "frequency": 0.07709711531850282,
                        "shift": -0.05877939303758231
                    },
                    "value": 449876.621735579
                },
                "frequency": {
                    "name": "frequency",
                    "user_data": null,
                    "init_value": 10.053096491487338,
                    "min": 0,
                    "max": Infinity,
                    "brute_step": null,
                    "stderr": 0.16503685979898533,
                    "correl": {
                        "amplitude": 0.07709711531850282,
                        "shift": -0.22891044467234134
                    },
                    "value": 10.518055906092473
                },
                "shift": {
                    "name": "shift",
                    "user_data": null,
                    "init_value": 0.5711986642890533,
                    "min": -6.283195307179586,
                    "max": 6.283195307179586,
                    "brute_step": null,
                    "stderr": 0.03056944770275845,
                    "correl": {
                        "amplitude": -0.05877939303758231,
                        "frequency": -0.22891044467234134
                    },
                    "value": 0.645670898577051
                },
                "offset": {
                    "name": "offset",
                    "user_data": null,
                    "init_value": 6008093333.333332,
                    "min": -Infinity,
                    "max": Infinity,
                    "brute_step": null,
                    "stderr": 63860.960079058175,
                    "correl": null,
                    "value": 6008093333.333332
                }
            }
        }
    }
}