{
    "fit_success": true,
    "Pi-pulse amplitude": {
        "__dtype__": "UFloat",
        "nominal_value": 0.3985701440715162,
        "std_dev": 0.002246234431481033
    },
    "fit_msg": "Summary\nPi-pulse amplitude: 398.6$\\pm$2.2 mV\nOscillation amplitude: 164.6$\\pm$3.3 \u03bcV\nOffset: 702.2$\\pm$2.4 \u03bcV\n",
    "fit_result": {
        "Rabi_oscillation": {
            "success": true,
            "message": "Fit succeeded.",
            "params": {
                "frequency": {
                    "name": "frequency",
                    "user_data": null,
                    "init_value": 1.4142857142857164,
                    "min": 0,
                    "max": Infinity,
                    "brute_step": null,
                    "stderr": 0.007069937175073719,
                    "correl": {
                        "amplitude": -0.10195255247322728,
                        "offset": 0.35516814673541625
                    },
                    "value": 1.2544843296398138
                },
                "amplitude": {
                    "name": "amplitude",
                    "user_data": null,
                    "init_value": 0.0001855550998774551,
                    "min": 0,
                    "max": Infinity,
                    "brute_step": null,
                    "stderr": 3.340859299555459e-06,
                    "correl": {
                        "frequency": -0.10195255247322728,
                        "offset": -0.19742423201361664
                    },
                    "value": 0.00016461747105700475
                },
                "offset": {
                    "name": "offset",
                    "user_data": null,
                    "init_value": 0.0007215048724391932,
                    "min": -Infinity,
                    "max": Infinity,
                    "brute_step": null,
                    "stderr": 2.3996323503961523e-06,
                    "correl": {
                        "frequency": 0.35516814673541625,
                        "amplitude": -0.19742423201361664
                    },
                    "value": 0.0007022429031220614
                },
                "phase": {
                    "name": "phase",
                    "user_data": null,
                    "init_value": 3.141592653589793,
                    "min": -Infinity,
                    "max": Infinity,
                    "brute_step": null,
                    "stderr": 0.0,
                    "correl": null,
                    "value": 3.141592653589793
                },
                "amp180": {
                    "name": "amp180",
                    "user_data": null,
                    "init_value": 0.35353535353535304,
                    "min": -Infinity,
                    "max": Infinity,
                    "brute_step": null,
                    "stderr": 0.002246234431481033,
                    "correl": null,
                    "value": 0.3985701440715162
                }
            }
        }
    }
}