{
    "fit_success": true,
    "Qi": {
        "__dtype__": "UFloat",
        "nominal_value": 13119.127969256764,
        "std_dev": 120.733703359891
    },
    "Qe": {
        "__dtype__": "UFloat",
        "nominal_value": 2401.2178850657906,
        "std_dev": 14.532043414224907
    },
    "Ql": {
        "__dtype__": "UFloat",
        "nominal_value": 2550.9444862786313,
        "std_dev": 16.328836404787502
    },
    "Qc": {
        "__dtype__": "UFloat",
        "nominal_value": 3166.6905870684686,
        "std_dev": 25.266688662089024
    },
    "fr": {
        "__dtype__": "UFloat",
        "nominal_value": 5837603812.253166,
        "std_dev": 7327.382807885228
    },
    "fit_msg": "Summary\n$Q_I$: 13.12$\\pm$0.12 k\n$Q_C$: 3.167$\\pm$0.025 k\n$f_{res}$: 5.8376038$\\pm$7.3e-06 GHz",
    "fit_result": {
        "hanger_func_complex_SI": {
            "success": true,
            "message": "Fit succeeded.",
            "params": {
                "fr": {
                    "name": "fr",
                    "user_data": null,
                    "init_value": 5838418341.708543,
                    "min": 5836750000.0,
                    "max": 5840750000.0,
                    "brute_step": null,
                    "stderr": 7327.382807885228,
                    "correl": {
                        "Ql": 0.0003105986318270549,
                        "Qe": 0.4927865349119058,
                        "A": 0.25270994289480214,
                        "theta": -0.8442665227439846,
                        "phi_v": 0.38736283395115123,
                        "phi_0": -0.3876168160184897,
                        "alpha": 0.7378757606964932
                    },
                    "value": 5837603812.253166
                },
                "Ql": {
                    "name": "Ql",
                    "user_data": null,
                    "init_value": 6576.3229297640855,
                    "min": 145.96045854271358,
                    "max": 290461.31250844867,
                    "brute_step": null,
                    "stderr": 16.328836404787502,
                    "correl": {
                        "fr": 0.0003105986318270549,
                        "Qe": 0.8441030976347244,
                        "A": -0.905674802605263,
                        "theta": 0.4919879740997263,
                        "phi_v": 0.7396348517837734,
                        "phi_0": -0.7395453483038087,
                        "alpha": -0.3903436339315074
                    },
                    "value": 2550.9444862786313
                },
                "Qe": {
                    "name": "Qe",
                    "user_data": null,
                    "init_value": 6446.098713333114,
                    "min": 0,
                    "max": Infinity,
                    "brute_step": null,
                    "stderr": 14.532043414224907,
                    "correl": {
                        "fr": 0.4927865349119058,
                        "Ql": 0.8441030976347244,
                        "A": -0.6276518454212983,
                        "theta": -0.0006092950942061929,
                        "phi_v": 0.8784420513629868,
                        "phi_0": -0.8784922196099925,
                        "alpha": 0.08449378962805282
                    },
                    "value": 2401.2178850657906
                },
                "A": {
                    "name": "A",
                    "user_data": null,
                    "init_value": 0.004652113295186747,
                    "min": 0,
                    "max": Infinity,
                    "brute_step": null,
                    "stderr": 3.6187885720671365e-05,
                    "correl": {
                        "fr": 0.25270994289480214,
                        "Ql": -0.905674802605263,
                        "Qe": -0.6276518454212983,
                        "theta": -0.7045924307691785,
                        "phi_v": -0.6120803877854399,
                        "phi_0": 0.6119262355744612,
                        "alpha": 0.6618004860820776
                    },
                    "value": 0.008057244558226317
                },
                "theta": {
                    "name": "theta",
                    "user_data": null,
                    "init_value": 0,
                    "min": -1.5707963267948966,
                    "max": 1.5707963267948966,
                    "brute_step": null,
                    "stderr": 0.006052090250444217,
                    "correl": {
                        "fr": -0.8442665227439846,
                        "Ql": 0.4919879740997263,
                        "Qe": -0.0006092950942061929,
                        "A": -0.7045924307691785,
                        "phi_v": 0.08778911762407722,
                        "phi_0": -0.0875229085778632,
                        "alpha": -0.8788898531650965
                    },
                    "value": 0.7101354099336721
                },
                "phi_v": {
                    "name": "phi_v",
                    "user_data": null,
                    "init_value": -1.2640685169816727e-07,
                    "min": -Infinity,
                    "max": Infinity,
                    "brute_step": null,
                    "stderr": 1.881541020951801e-09,
                    "correl": {
                        "fr": 0.38736283395115123,
                        "Ql": 0.7396348517837734,
                        "Qe": 0.8784420513629868,
                        "A": -0.6120803877854399,
                        "theta": 0.08778911762407722,
                        "phi_0": -0.9999999566415266,
                        "alpha": -0.004432942300130194
                    },
                    "value": -8.11531868209293e-08
                },
                "phi_0": {
                    "name": "phi_0",
                    "user_data": null,
                    "init_value": 740.2305990685788,
                    "min": -Infinity,
                    "max": Infinity,
                    "brute_step": null,
                    "stderr": 10.986658531566412,
                    "correl": {
                        "fr": -0.3876168160184897,
                        "Ql": -0.7395453483038087,
                        "Qe": -0.8784922196099925,
                        "A": 0.6119262355744612,
                        "theta": -0.0875229085778632,
                        "phi_v": -0.9999999566415266,
                        "alpha": 0.004198848759054002
                    },
                    "value": 476.87607852461036
                },
                "alpha": {
                    "name": "alpha",
                    "user_data": null,
                    "init_value": 0,
                    "min": -1,
                    "max": 1,
                    "brute_step": null,
                    "stderr": 16.097074812085026,
                    "correl": {
                        "fr": 0.7378757606964932,
                        "Ql": -0.3903436339315074,
                        "Qe": 0.08449378962805282,
                        "A": 0.6618004860820776,
                        "theta": -0.8788898531650965,
                        "phi_v": -0.004432942300130194,
                        "phi_0": 0.004198848759054002
                    },
                    "value": 0.9993573654555439
                },
                "Qi": {
                    "name": "Qi",
                    "user_data": null,
                    "init_value": -325527.9850233236,
                    "min": -Infinity,
                    "max": Infinity,
                    "brute_step": null,
                    "stderr": 120.733703359891,
                    "correl": null,
                    "value": 13119.127969256764
                },
                "Qc": {
                    "name": "Qc",
                    "user_data": null,
                    "init_value": 6446.098713333114,