{
    "fit_success": true,
    "T1": {
        "__dtype__": "UFloat",
        "nominal_value": 8.921559471186669e-06,
        "std_dev": 4.885879380491022e-07
    },
    "fit_msg": "Summary\n$T1$: 8.92$\\pm$0.49 \u03bcs\namplitude: 367.8$\\pm$9.8 \u03bcV\noffset: 575.6$\\pm$3.8 \u03bcV",
    "fit_result": {
        "exp_decay_func": {
            "success": true,
            "message": "Fit succeeded.",
            "params": {
                "tau": {
                    "name": "tau",
                    "user_data": null,
                    "init_value": 2.524e-05,
                    "min": 0,
                    "max": Infinity,
                    "brute_step": null,
                    "stderr": 4.885879380491022e-07,
                    "correl": {
                        "amplitude": -0.42413519561618124,
                        "offset": -0.7017030344104007
                    },
                    "value": 8.921559471186669e-06
                },
                "amplitude": {
                    "name": "amplitude",
                    "user_data": null,
                    "init_value": 0.0003626987774590668,
                    "min": -Infinity,
                    "max": Infinity,
                    "brute_step": null,
                    "stderr": 9.782840726640871e-06,
                    "correl": {
                        "tau": -0.42413519561618124,
                        "offset": -0.08217720948840966
                    },
                    "value": 0.0003678431962904575
                },
                "offset": {
                    "name": "offset",
                    "user_data": null,
                    "init_value": 0.000583213050674239,
                    "min": -Infinity,
                    "max": Infinity,
                    "brute_step": null,
                    "stderr": 3.818865316377071e-06,
                    "correl": {
                        "tau": -0.7017030344104007,
                        "amplitude": -0.08217720948840966
                    },
                    "value": 0.0005755575492528759
                },
                "n_factor": {
                    "name": "n_factor",
                    "user_data": null,
                    "init_value": 1,
                    "min": -Infinity,
                    "max": Infinity,
                    "brute_step": null,
                    "stderr": 0.0,
                    "correl": null,
                    "value": 1
                }
            }
        }
    }
}