{
    "fit_success": true,
    "T1": {
        "__dtype__": "UFloat",
        "nominal_value": 9.658364198861236e-06,
        "std_dev": 5.114688921548905e-07
    },
    "fit_msg": "Summary\n$T1$: 9.66$\\pm$0.51 \u03bcs\namplitude: 360.0$\\pm$8.9 \u03bcV\noffset: 580.3$\\pm$3.8 \u03bcV",
    "fit_result": {
        "exp_decay_func": {
            "success": true,
            "message": "Fit succeeded.",
            "params": {
                "tau": {
                    "name": "tau",
                    "user_data": null,
                    "init_value": 2.524e-05,
                    "min": 0,
                    "max": Infinity,
                    "brute_step": null,
                    "stderr": 5.114688921548905e-07,
                    "correl": {
                        "amplitude": -0.3896098659444537,
                        "offset": -0.7326763124022703
                    },
                    "value": 9.658364198861236e-06
                },
                "amplitude": {
                    "name": "amplitude",
                    "user_data": null,
                    "init_value": 0.00036672880057639996,
                    "min": -Infinity,
                    "max": Infinity,
                    "brute_step": null,
                    "stderr": 8.87901751809914e-06,
                    "correl": {
                        "tau": -0.3896098659444537,
                        "offset": -0.09773471721902058
                    },
                    "value": 0.00036002160430465024
                },
                "offset": {
                    "name": "offset",
                    "user_data": null,
                    "init_value": 0.0005812499095460244,
                    "min": -Infinity,
                    "max": Infinity,
                    "brute_step": null,
                    "stderr": 3.828005412490761e-06,
                    "correl": {
                        "tau": -0.7326763124022703,
                        "amplitude": -0.09773471721902058
                    },
                    "value": 0.0005803242860569561
                },
                "n_factor": {
                    "name": "n_factor",
                    "user_data": null,
                    "init_value": 1,
                    "min": -Infinity,
                    "max": Infinity,
                    "brute_step": null,
                    "stderr": 0.0,
                    "correl": null,
                    "value": 1
                }
            }
        }
    }
}