{
    "fit_success": true,
    "Qi": {
        "__dtype__": "UFloat",
        "nominal_value": 18201.59118280105,
        "std_dev": 281.6577430576928
    },
    "Qe": {
        "__dtype__": "UFloat",
        "nominal_value": 2388.2964663498587,
        "std_dev": 8.75445702287493
    },
    "Ql": {
        "__dtype__": "UFloat",
        "nominal_value": 2116.799338453552,
        "std_dev": 8.89698636860653
    },
    "Qc": {
        "__dtype__": "UFloat",
        "nominal_value": 2395.3754917938295,
        "std_dev": 8.80643690543283
    },
    "fr": {
        "__dtype__": "UFloat",
        "nominal_value": 6106762759.26363,
        "std_dev": 6062.755684416147
    },
    "fit_msg": "Summary\n$Q_I$: 18.20$\\pm$0.28 k\n$Q_C$: 2.3954$\\pm$0.0088 k\n$f_{res}$: 6.1067628$\\pm$6.1e-06 GHz",
    "fit_result": {
        "hanger_func_complex_SI": {
            "success": true,
            "message": "Fit succeeded.",
            "params": {
                "fr": {
                    "name": "fr",
                    "user_data": null,
                    "init_value": 6106822613.065327,
                    "min": 6102300000.0,
                    "max": 6112300000.0,
                    "brute_step": null,
                    "stderr": 6062.755684416147,
                    "correl": {
                        "Ql": 2.1578188356185543e-05,
                        "Qe": 0.04212013479827565,
                        "A": 0.08972934905516117,
                        "theta": -0.9142182101727269,
                        "phi_v": 0.080662871387594,
                        "phi_0": -0.08104309989482739,
                        "alpha": 0.6457497715477071
                    },
                    "value": 6106762759.26363
                },
                "Ql": {
                    "name": "Ql",
                    "user_data": null,
                    "init_value": 2751.460085758075,
                    "min": 61.06822613065327,
                    "max": 121525.7700012285,
                    "brute_step": null,
                    "stderr": 8.89698636860653,
                    "correl": {
                        "fr": 2.1578188356185543e-05,
                        "Qe": 0.9142166117879615,
                        "A": -0.7438444709420517,
                        "theta": 0.04210550105422425,
                        "phi_v": 0.6461475321493887,
                        "phi_0": -0.646121104660359,
                        "alpha": -0.08377195766221905
                    },
                    "value": 2116.799338453552
                },
                "Qe": {
                    "name": "Qe",
                    "user_data": null,
                    "init_value": 2696.9757276242512,
                    "min": 0,
                    "max": Infinity,
                    "brute_step": null,
                    "stderr": 8.75445702287493,
                    "correl": {
                        "fr": 0.04212013479827565,
                        "Ql": 0.9142166117879615,
                        "A": -0.7069232586680848,
                        "theta": 9.33480124873166e-06,
                        "phi_v": 0.7652772063247911,
                        "phi_0": -0.7652653188872821,
                        "alpha": -0.04085230279175261
                    },
                    "value": 2388.2964663498587
                },
                "A": {
                    "name": "A",
                    "user_data": null,
                    "init_value": 0.006265619294115916,
                    "min": 0,
                    "max": Infinity,
                    "brute_step": null,
                    "stderr": 1.0590117669013856e-05,
                    "correl": {
                        "fr": 0.08972934905516117,
                        "Ql": -0.7438444709420517,
                        "Qe": -0.7069232586680848,
                        "theta": -0.14451762425866185,
                        "phi_v": -0.5174740996421624,
                        "phi_0": 0.5174169457827444,
                        "alpha": 0.22248052856598471
                    },
                    "value": 0.00825113658701282
                },
                "theta": {
                    "name": "theta",
                    "user_data": null,
                    "init_value": 0,
                    "min": -1.5707963267948966,
                    "max": 1.5707963267948966,
                    "brute_step": null,
                    "stderr": 0.0036655232539028926,
                    "correl": {
                        "fr": -0.9142182101727269,
                        "Ql": 0.04210550105422425,
                        "Qe": 9.33480124873166e-06,
                        "A": -0.14451762425866185,
                        "phi_v": -0.037226224263869866,
                        "phi_0": 0.037590166019396104,
                        "alpha": -0.7650755620122648
                    },
                    "value": 0.07689922218458034
                },
                "phi_v": {
                    "name": "phi_v",
                    "user_data": null,
                    "init_value": -1.9856196760583406e-07,
                    "min": -Infinity,
                    "max": Infinity,
                    "brute_step": null,
                    "stderr": 3.9220308419371836e-10,
                    "correl": {
                        "fr": 0.080662871387594,
                        "Ql": 0.6461475321493887,
                        "Qe": 0.7652772063247911,
                        "A": -0.5174740996421624,
                        "theta": -0.037226224263869866,
                        "phi_0": -0.9999998670947954,
                        "alpha": -0.0045248091763254806
                    },
                    "value": -6.990625872500358e-08
                },
                "phi_0": {
                    "name": "phi_0",
                    "user_data": null,
                    "init_value": 1214.3775420684162,
                    "min": -Infinity,
                    "max": Infinity,
                    "brute_step": null,
                    "stderr": 2.3953751325721866,
                    "correl": {
                        "fr": -0.08104309989482739,
                        "Ql": -0.646121104660359,
                        "Qe": -0.7652653188872821,
                        "A": 0.5174169457827444,
                        "theta": 0.037590166019396104,
                        "phi_v": -0.9999998670947954,
                        "alpha": 0.004261183423883327
                    },
                    "value": 429.56741683488644
                },
                "alpha": {
                    "name": "alpha",
                    "user_data": null,
                    "init_value": 0,
                    "min": -1,
                    "max": 1,
                    "brute_step": null,
                    "stderr": 3.002176815038726,
                    "correl": {
                        "fr": 0.6457497715477071,
                        "Ql": -0.08377195766221905,
                        "Qe": -0.04085230279175261,
                        "A": 0.22248052856598471,
                        "theta": -0.7650755620122648,
                        "phi_v": -0.0045248091763254806,
                        "phi_0": 0.004261183423883327
                    },
                    "value": -0.999844597405277
                },
                "Qi": {
                    "name": "Qi",
                    "user_data": null,
                    "init_value": -136197.27424502332,
                    "min": -Infinity,
                    "max": Infinity,
                    "brute_step": null,
                    "stderr": 281.6577430576928,
                    "correl": null,
                    "value": 18201.59118280105
                },
                "Qc": {
                    "name": "Qc",
                    "user_data": null,
                    "init_value": 2696.9757276242512,