{
    "fit_success": true,
    "T1": {
        "__dtype__": "UFloat",
        "nominal_value": 7.2706385931819995e-06,
        "std_dev": 4.201253116510666e-07
    },
    "fit_msg": "Summary\n$T1$: 7.27$\\pm$0.42 \u03bcs\namplitude: 366$\\pm$11 \u03bcV\noffset: 576.7$\\pm$3.5 \u03bcV",
    "fit_result": {
        "exp_decay_func": {
            "success": true,
            "message": "Fit succeeded.",
            "params": {
                "tau": {
                    "name": "tau",
                    "user_data": null,
                    "init_value": 2.524e-05,
                    "min": 0,
                    "max": Infinity,
                    "brute_step": null,
                    "stderr": 4.201253116510666e-07,
                    "correl": {
                        "amplitude": -0.4866062105462643,
                        "offset": -0.6217817578531646
                    },
                    "value": 7.2706385931819995e-06
                },
                "amplitude": {
                    "name": "amplitude",
                    "user_data": null,
                    "init_value": 0.00038303088933596384,
                    "min": -Infinity,
                    "max": Infinity,
                    "brute_step": null,
                    "stderr": 1.1182437997261045e-05,
                    "correl": {
                        "tau": -0.4866062105462643,
                        "offset": -0.061939458528168866
                    },
                    "value": 0.0003661380974164963
                },
                "offset": {
                    "name": "offset",
                    "user_data": null,
                    "init_value": 0.000586748945283012,
                    "min": -Infinity,
                    "max": Infinity,
                    "brute_step": null,
                    "stderr": 3.488976024694864e-06,
                    "correl": {
                        "tau": -0.6217817578531646,
                        "amplitude": -0.061939458528168866
                    },
                    "value": 0.0005767404681485588
                },
                "n_factor": {
                    "name": "n_factor",
                    "user_data": null,
                    "init_value": 1,
                    "min": -Infinity,
                    "max": Infinity,
                    "brute_step": null,
                    "stderr": 0.0,
                    "correl": null,
                    "value": 1
                }
            }
        }
    }
}