{
    "fit_success": true,
    "T1": {
        "__dtype__": "UFloat",
        "nominal_value": 8.472303448359142e-06,
        "std_dev": 4.437168283181892e-07
    },
    "fit_msg": "Summary\n$T1$: 8.47$\\pm$0.44 \u03bcs\namplitude: 364.5$\\pm$9.5 \u03bcV\noffset: 577.1$\\pm$3.5 \u03bcV",
    "fit_result": {
        "exp_decay_func": {
            "success": true,
            "message": "Fit succeeded.",
            "params": {
                "tau": {
                    "name": "tau",
                    "user_data": null,
                    "init_value": 2.524e-05,
                    "min": 0,
                    "max": Infinity,
                    "brute_step": null,
                    "stderr": 4.437168283181892e-07,
                    "correl": {
                        "amplitude": -0.4431141718999805,
                        "offset": -0.6813502029272632
                    },
                    "value": 8.472303448359142e-06
                },
                "amplitude": {
                    "name": "amplitude",
                    "user_data": null,
                    "init_value": 0.00038701926112282947,
                    "min": -Infinity,
                    "max": Infinity,
                    "brute_step": null,
                    "stderr": 9.50010709616284e-06,
                    "correl": {
                        "tau": -0.4431141718999805,
                        "offset": -0.07481195508521858
                    },
                    "value": 0.00036448557115818255
                },
                "offset": {
                    "name": "offset",
                    "user_data": null,
                    "init_value": 0.0005737059902399252,
                    "min": -Infinity,
                    "max": Infinity,
                    "brute_step": null,
                    "stderr": 3.4894282093497125e-06,
                    "correl": {
                        "tau": -0.6813502029272632,
                        "amplitude": -0.07481195508521858
                    },
                    "value": 0.0005770803860263287
                },
                "n_factor": {
                    "name": "n_factor",
                    "user_data": null,
                    "init_value": 1,
                    "min": -Infinity,
                    "max": Infinity,
                    "brute_step": null,
                    "stderr": 0.0,
                    "correl": null,
                    "value": 1
                }
            }
        }
    }
}