{
    "fit_success": true,
    "T1": {
        "__dtype__": "UFloat",
        "nominal_value": 9.716474002052777e-06,
        "std_dev": 5.110445399242621e-07
    },
    "fit_msg": "Summary\n$T1$: 9.72$\\pm$0.51 \u03bcs\namplitude: 349.4$\\pm$8.5 \u03bcV\noffset: 575.4$\\pm$3.7 \u03bcV",
    "fit_result": {
        "exp_decay_func": {
            "success": true,
            "message": "Fit succeeded.",
            "params": {
                "tau": {
                    "name": "tau",
                    "user_data": null,
                    "init_value": 2.524e-05,
                    "min": 0,
                    "max": Infinity,
                    "brute_step": null,
                    "stderr": 5.110445399242621e-07,
                    "correl": {
                        "amplitude": -0.38669160248404827,
                        "offset": -0.7349986699439768
                    },
                    "value": 9.716474002052777e-06
                },
                "amplitude": {
                    "name": "amplitude",
                    "user_data": null,
                    "init_value": 0.00037800284657307076,
                    "min": -Infinity,
                    "max": Infinity,
                    "brute_step": null,
                    "stderr": 8.529550656975202e-06,
                    "correl": {
                        "tau": -0.38669160248404827,
                        "offset": -0.0991610675621955
                    },
                    "value": 0.0003494061047061124
                },
                "offset": {
                    "name": "offset",
                    "user_data": null,
                    "init_value": 0.0005668685787169784,
                    "min": -Infinity,
                    "max": Infinity,
                    "brute_step": null,
                    "stderr": 3.7062050539746022e-06,
                    "correl": {
                        "tau": -0.7349986699439768,
                        "amplitude": -0.0991610675621955
                    },
                    "value": 0.0005754142721409134
                },
                "n_factor": {
                    "name": "n_factor",
                    "user_data": null,
                    "init_value": 1,
                    "min": -Infinity,
                    "max": Infinity,
                    "brute_step": null,
                    "stderr": 0.0,
                    "correl": null,
                    "value": 1
                }
            }
        }
    }
}