{
    "fit_success": true,
    "Qi": {
        "__dtype__": "UFloat",
        "nominal_value": 18456.93218898484,
        "std_dev": 2409.531753070325
    },
    "Qe": {
        "__dtype__": "UFloat",
        "nominal_value": 2911.411985446112,
        "std_dev": 76.54596227340676
    },
    "Ql": {
        "__dtype__": "UFloat",
        "nominal_value": 2619.1297470567747,
        "std_dev": 85.29228709256631
    },
    "Qc": {
        "__dtype__": "UFloat",
        "nominal_value": 3052.260584309634,
        "std_dev": 84.12104442239952
    },
    "fr": {
        "__dtype__": "UFloat",
        "nominal_value": 6007761394.788482,
        "std_dev": 37354.28464102923
    },
    "fit_msg": "Summary\n$Q_I$: 18.5$\\pm$2.4 k\n$Q_C$: 3.052$\\pm$0.084 k\n$f_{res}$: 6.007761$\\pm$3.7e-05 GHz",
    "fit_result": {
        "hanger_func_complex_SI": {
            "success": true,
            "message": "Fit succeeded.",
            "params": {
                "fr": {
                    "name": "fr",
                    "user_data": null,
                    "init_value": 6008180904.522614,
                    "min": 6002000000.0,
                    "max": 6017000000.0,
                    "brute_step": null,
                    "stderr": 37354.28464102923,
                    "correl": {
                        "Ql": 0.0003879857202045949,
                        "Qe": 0.07916875932394257,
                        "A": 0.22834471149995314,
                        "theta": -0.8441623462993639,
                        "phi_v": 0.05503056083068618,
                        "phi_0": -0.05542390238191474,
                        "alpha": 0.5054979513716384
                    },
                    "value": 6007761394.788482
                },
                "Ql": {
                    "name": "Ql",
                    "user_data": null,
                    "init_value": 1804.6777071314475,
                    "min": 40.05453936348409,
                    "max": 79708.53333413911,
                    "brute_step": null,
                    "stderr": 85.29228709256631,
                    "correl": {
                        "fr": 0.0003879857202045949,
                        "Qe": 0.8441261817273358,
                        "A": -0.521549329669751,
                        "theta": 0.07832427295358348,
                        "phi_v": 0.5058015846077334,
                        "phi_0": -0.5058215045392191,
                        "alpha": -0.05805158452484175
                    },
                    "value": 2619.1297470567747
                },
                "Qe": {
                    "name": "Qe",
                    "user_data": null,
                    "init_value": 1768.941514911023,
                    "min": 0,
                    "max": Infinity,
                    "brute_step": null,
                    "stderr": 76.54596227340676,
                    "correl": {
                        "fr": 0.07916875932394257,
                        "Ql": 0.8441261817273358,
                        "A": -0.43160031903338,
                        "theta": -0.0004536407326627287,
                        "phi_v": 0.6395414294619035,
                        "phi_0": -0.6396032169996085,
                        "alpha": 0.04480799076203006
                    },
                    "value": 2911.411985446112
                },
                "A": {
                    "name": "A",
                    "user_data": null,
                    "init_value": 0.009364624368186872,
                    "min": 0,
                    "max": Infinity,
                    "brute_step": null,
                    "stderr": 8.148980501871118e-05,
                    "correl": {
                        "fr": 0.22834471149995314,
                        "Ql": -0.521549329669751,
                        "Qe": -0.43160031903338,
                        "theta": -0.33633146975988176,
                        "phi_v": -0.2850027532478256,
                        "phi_0": 0.28491639557125975,
                        "alpha": 0.40656447591812517
                    },
                    "value": 0.010765520043692023
                },
                "theta": {
                    "name": "theta",
                    "user_data": null,
                    "init_value": 0,
                    "min": -1.5707963267948966,
                    "max": 1.5707963267948966,
                    "brute_step": null,
                    "stderr": 0.02629365777642411,
                    "correl": {
                        "fr": -0.8441623462993639,
                        "Ql": 0.07832427295358348,
                        "Qe": -0.0004536407326627287,
                        "A": -0.33633146975988176,
                        "phi_v": 0.04872533903992154,
                        "phi_0": -0.04837145845002303,
                        "alpha": -0.6399503412915419
                    },
                    "value": 0.30497541980972764
                },
                "phi_v": {
                    "name": "phi_v",
                    "user_data": null,
                    "init_value": -1.7336036197285048e-07,
                    "min": -Infinity,
                    "max": Infinity,
                    "brute_step": null,
                    "stderr": 1.5803109661059706e-09,
                    "correl": {
                        "fr": 0.05503056083068618,
                        "Ql": 0.5058015846077334,
                        "Qe": 0.6395414294619035,
                        "A": -0.2850027532478256,
                        "theta": 0.04872533903992154,
                        "phi_0": -0.9999997364256846,
                        "alpha": -0.0069046122849801255
                    },
                    "value": -1.1859762930056902e-07
                },
                "phi_0": {
                    "name": "phi_0",
                    "user_data": null,
                    "init_value": 1043.15365409647,
                    "min": -Infinity,
                    "max": Infinity,
                    "brute_step": null,
                    "stderr": 9.497207509927097,
                    "correl": {
                        "fr": -0.05542390238191474,
                        "Ql": -0.5058215045392191,
                        "Qe": -0.6396032169996085,
                        "A": 0.28491639557125975,
                        "theta": -0.04837145845002303,
                        "phi_v": -0.9999997364256846,
                        "alpha": 0.006686628483633211
                    },
                    "value": 714.1480673614677
                },
                "alpha": {
                    "name": "alpha",
                    "user_data": null,
                    "init_value": 0,
                    "min": -1,
                    "max": 1,
                    "brute_step": null,
                    "stderr": 10.32596515829702,
                    "correl": {
                        "fr": 0.5054979513716384,
                        "Ql": -0.05805158452484175,
                        "Qe": 0.04480799076203006,
                        "A": 0.40656447591812517,
                        "theta": -0.6399503412915419,
                        "phi_v": -0.0069046122849801255,
                        "phi_0": 0.006686628483633211
                    },
                    "value": 0.9999153841284258
                },
                "Qi": {
                    "name": "Qi",
                    "user_data": null,
                    "init_value": -89331.54650300792,
                    "min": -Infinity,
                    "max": Infinity,
                    "brute_step": null,
                    "stderr": 2409.531753070325,
                    "correl": null,
                    "value": 18456.93218898484
                },
                "Qc": {
                    "name": "Qc",
                    "user_data": null,
                    "init_value": 1768.941514911023,