{
    "T2*": {
        "__dtype__": "UFloat",
        "nominal_value": 6.859305758721845e-06,
        "std_dev": 8.23268301210966e-07
    },
    "fitted_detuning": {
        "__dtype__": "UFloat",
        "nominal_value": 1614293.011862002,
        "std_dev": 2727.2550483960285
    },
    "detuning": {
        "__dtype__": "UFloat",
        "nominal_value": 614293.0118620021,
        "std_dev": 2727.2550483960285
    },
    "fit_success": true,
    "fit_msg": "Summary\n$T_2^*$: 6.86$\\pm$0.82 \u03bcs\n\nartificial detuning: 1 MHz\nfitted detuning: 1.6143$\\pm$0.0027 MHz\nactual detuning: 614.3$\\pm$2.7 kHz\n",
    "fit_result": {
        "Ramsey_decay": {
            "success": true,
            "message": "Fit succeeded.",
            "params": {
                "tau": {
                    "name": "tau",
                    "user_data": null,
                    "init_value": 2.6666666666666664e-06,
                    "min": 0,
                    "max": Infinity,
                    "brute_step": null,
                    "stderr": 8.23268301210966e-07,
                    "correl": {
                        "frequency": 0.007308161008601433,
                        "phase": -0.029025599771522775,
                        "amplitude": -0.8315308853389574,
                        "offset": -0.015434310496029727
                    },
                    "value": 6.859305758721845e-06
                },
                "n_factor": {
                    "name": "n_factor",
                    "user_data": null,
                    "init_value": 1,
                    "min": -Infinity,
                    "max": Infinity,
                    "brute_step": null,
                    "stderr": 0.0,
                    "correl": null,
                    "value": 1
                },
                "frequency": {
                    "name": "frequency",
                    "user_data": null,
                    "init_value": 1500000.0,
                    "min": 0,
                    "max": Infinity,
                    "brute_step": null,
                    "stderr": 2727.2550483960285,
                    "correl": {
                        "tau": 0.007308161008601433,
                        "phase": -0.8213758118133703,
                        "amplitude": -0.027555745401233497,
                        "offset": -0.009100394363868164
                    },
                    "value": 1614293.011862002
                },
                "phase": {
                    "name": "phase",
                    "user_data": null,
                    "init_value": -5.403539364174446,
                    "min": -Infinity,
                    "max": Infinity,
                    "brute_step": null,
                    "stderr": 0.03376183683781996,
                    "correl": {
                        "tau": -0.029025599771522775,
                        "frequency": -0.8213758118133703,
                        "amplitude": 0.04536559909539727,
                        "offset": 0.04682952278024682
                    },
                    "value": -6.143703156374163
                },
                "amplitude": {
                    "name": "amplitude",
                    "user_data": null,
                    "init_value": 0.00013465038059221025,
                    "min": 0,
                    "max": Infinity,
                    "brute_step": null,
                    "stderr": 4.851475072246347e-06,
                    "correl": {
                        "tau": -0.8315308853389574,
                        "frequency": -0.027555745401233497,
                        "phase": 0.04536559909539727,
                        "offset": 0.022498640828312287
                    },
                    "value": 0.00013852294792249253
                },
                "offset": {
                    "name": "offset",
                    "user_data": null,
                    "init_value": 0.0007368428303852849,
                    "min": -Infinity,
                    "max": Infinity,
                    "brute_step": null,
                    "stderr": 1.4531681551177155e-06,
                    "correl": {
                        "tau": -0.015434310496029727,
                        "frequency": -0.009100394363868164,
                        "phase": 0.04682952278024682,
                        "amplitude": 0.022498640828312287
                    },
                    "value": 0.0007380604534974854
                }
            }
        }
    }
}