{
    "fit_success": true,
    "Qi": {
        "__dtype__": "UFloat",
        "nominal_value": 21814.717171261986,
        "std_dev": 504.08363273786307
    },
    "Qe": {
        "__dtype__": "UFloat",
        "nominal_value": 3606.3839461999787,
        "std_dev": 38.053900091128845
    },
    "Ql": {
        "__dtype__": "UFloat",
        "nominal_value": 3126.7071734910146,
        "std_dev": 34.57978671084776
    },
    "Qc": {
        "__dtype__": "UFloat",
        "nominal_value": 3649.839264597893,
        "std_dev": 38.97621412437944
    },
    "fr": {
        "__dtype__": "UFloat",
        "nominal_value": 6008047901.513283,
        "std_dev": 10626.165718722032
    },
    "fit_msg": "Summary\n$Q_I$: 21.81$\\pm$0.50 k\n$Q_C$: 3.650$\\pm$0.039 k\n$f_{res}$: 6.008048$\\pm$1.1e-05 GHz",
    "fit_result": {
        "hanger_func_complex_SI": {
            "success": true,
            "message": "Fit succeeded.",
            "params": {
                "fr": {
                    "name": "fr",
                    "user_data": null,
                    "init_value": 6008168341.708543,
                    "min": 6006500000.0,
                    "max": 6010500000.0,
                    "brute_step": null,
                    "stderr": 10626.165718722032,
                    "correl": {
                        "Ql": 6.977360510318865e-05,
                        "Qe": 0.11139041879802085,
                        "A": 0.15303939177616635,
                        "theta": -0.9581253251718821,
                        "phi_v": 0.2234925544846646,
                        "phi_0": -0.22371194554409002,
                        "alpha": 0.7417143557240169
                    },
                    "value": 6008047901.513283
                },
                "Ql": {
                    "name": "Ql",
                    "user_data": null,
                    "init_value": 6767.527251207207,
                    "min": 150.2042085427136,
                    "max": 298906.3750086943,
                    "brute_step": null,
                    "stderr": 34.57978671084776,
                    "correl": {
                        "fr": 6.977360510318865e-05,
                        "Qe": 0.9581229230825655,
                        "A": -0.8705701997701946,
                        "theta": 0.11127015089846821,
                        "phi_v": 0.7420383444552241,
                        "phi_0": -0.7419897723066098,
                        "alpha": -0.22447957702121057
                    },
                    "value": 3126.7071734910146
                },
                "Qe": {
                    "name": "Qe",
                    "user_data": null,
                    "init_value": 6633.516810589242,
                    "min": 0,
                    "max": Infinity,
                    "brute_step": null,
                    "stderr": 38.053900091128845,
                    "correl": {
                        "fr": 0.11139041879802085,
                        "Ql": 0.9581229230825655,
                        "A": -0.8317928093956319,
                        "theta": -5.0502201267533664e-05,
                        "phi_v": 0.8408045897570113,
                        "phi_0": -0.8407790284180257,
                        "alpha": -0.12335026852433342
                    },
                    "value": 3606.3839461999787
                },
                "A": {
                    "name": "A",
                    "user_data": null,
                    "init_value": 0.006781713764154953,
                    "min": 0,
                    "max": Infinity,
                    "brute_step": null,
                    "stderr": 5.009956025202148e-05,
                    "correl": {
                        "fr": 0.15303939177616635,
                        "Ql": -0.8705701997701946,
                        "Qe": -0.8317928093956319,
                        "theta": -0.2760741388141964,
                        "phi_v": -0.6276255155491569,
                        "phi_0": 0.6275462710724583,
                        "alpha": 0.4347461258910658
                    },
                    "value": 0.010622266639851885
                },
                "theta": {
                    "name": "theta",
                    "user_data": null,
                    "init_value": 0,
                    "min": -1.5707963267948966,
                    "max": 1.5707963267948966,
                    "brute_step": null,
                    "stderr": 0.01055208070738651,
                    "correl": {
                        "fr": -0.9581253251718821,
                        "Ql": 0.11127015089846821,
                        "Qe": -5.0502201267533664e-05,
                        "A": -0.2760741388141964,
                        "phi_v": -0.12223110276071593,
                        "phi_0": 0.12245309173986925,
                        "alpha": -0.8406209096988282
                    },
                    "value": 0.1544654791669393
                },
                "phi_v": {
                    "name": "phi_v",
                    "user_data": null,
                    "init_value": -2.7482283634990617e-07,
                    "min": -Infinity,
                    "max": Infinity,
                    "brute_step": null,
                    "stderr": 2.8857722982566304e-09,
                    "correl": {
                        "fr": 0.2234925544846646,
                        "Ql": 0.7420383444552241,
                        "Qe": 0.8408045897570113,
                        "A": -0.6276255155491569,
                        "theta": -0.12223110276071593,
                        "phi_0": -0.9999999678350439,
                        "alpha": -0.001316116435078955
                    },
                    "value": -1.946754985986521e-08
                },
                "phi_0": {
                    "name": "phi_0",
                    "user_data": null,
                    "init_value": 1647.887497139556,
                    "min": -Infinity,
                    "max": Infinity,
                    "brute_step": null,
                    "stderr": 17.33990694859919,
                    "correl": {
                        "fr": -0.22371194554409002,
                        "Ql": -0.7419897723066098,
                        "Qe": -0.8407790284180257,
                        "A": 0.6275462710724583,
                        "theta": 0.12245309173986925,
                        "phi_v": -0.9999999678350439,
                        "alpha": 0.001133312105600195
                    },
                    "value": 114.52488173549396
                },
                "alpha": {
                    "name": "alpha",
                    "user_data": null,
                    "init_value": 0,
                    "min": -1,
                    "max": 1,
                    "brute_step": null,
                    "stderr": 18.990320885135795,
                    "correl": {
                        "fr": 0.7417143557240169,
                        "Ql": -0.22447957702121057,
                        "Qe": -0.12335026852433342,
                        "A": 0.4347461258910658,
                        "theta": -0.8406209096988282,
                        "phi_v": -0.001316116435078955,
                        "phi_0": 0.001133312105600195
                    },
                    "value": -0.9999346454887419
                },
                "Qi": {
                    "name": "Qi",
                    "user_data": null,
                    "init_value": -334992.5989347543,
                    "min": -Infinity,
                    "max": Infinity,
                    "brute_step": null,
                    "stderr": 504.08363273786307,
                    "correl": null,
                    "value": 21814.717171261986
                },
                "Qc": {
                    "name": "Qc",
                    "user_data": null,
                    "init_value": 6633.516810589242,