{
    "fit_success": true,
    "T1": {
        "__dtype__": "UFloat",
        "nominal_value": 7.828039619850458e-06,
        "std_dev": 4.226023813175171e-07
    },
    "fit_msg": "Summary\n$T1$: 7.83$\\pm$0.42 \u03bcs\namplitude: 369$\\pm$10 \u03bcV\noffset: 582.2$\\pm$3.4 \u03bcV",
    "fit_result": {
        "exp_decay_func": {
            "success": true,
            "message": "Fit succeeded.",
            "params": {
                "tau": {
                    "name": "tau",
                    "user_data": null,
                    "init_value": 2.524e-05,
                    "min": 0,
                    "max": Infinity,
                    "brute_step": null,
                    "stderr": 4.226023813175171e-07,
                    "correl": {
                        "amplitude": -0.46771831410204395,
                        "offset": -0.6502940208064787
                    },
                    "value": 7.828039619850458e-06
                },
                "amplitude": {
                    "name": "amplitude",
                    "user_data": null,
                    "init_value": 0.0003781825386818174,
                    "min": -Infinity,
                    "max": Infinity,
                    "brute_step": null,
                    "stderr": 1.0241039746195197e-05,
                    "correl": {
                        "tau": -0.46771831410204395,
                        "offset": -0.0667724251396717
                    },
                    "value": 0.00036865683703356093
                },
                "offset": {
                    "name": "offset",
                    "user_data": null,
                    "init_value": 0.0006011064763938735,
                    "min": -Infinity,
                    "max": Infinity,
                    "brute_step": null,
                    "stderr": 3.4464389657059896e-06,
                    "correl": {
                        "tau": -0.6502940208064787,
                        "amplitude": -0.0667724251396717
                    },
                    "value": 0.0005821507515869126
                },
                "n_factor": {
                    "name": "n_factor",
                    "user_data": null,
                    "init_value": 1,
                    "min": -Infinity,
                    "max": Infinity,
                    "brute_step": null,
                    "stderr": 0.0,
                    "correl": null,
                    "value": 1
                }
            }
        }
    }
}