{
    "fit_success": true,
    "Qi": {
        "__dtype__": "UFloat",
        "nominal_value": 21586.253966539,
        "std_dev": 383.63716534709994
    },
    "Qe": {
        "__dtype__": "UFloat",
        "nominal_value": 3130.440327841231,
        "std_dev": 9.228865199584508
    },
    "Ql": {
        "__dtype__": "UFloat",
        "nominal_value": 2764.3722454672657,
        "std_dev": 10.46372009786388
    },
    "Qc": {
        "__dtype__": "UFloat",
        "nominal_value": 3170.375960970086,
        "std_dev": 9.465237753472424
    },
    "fr": {
        "__dtype__": "UFloat",
        "nominal_value": 6008113882.0773115,
        "std_dev": 4113.446950425829
    },
    "fit_msg": "Summary\n$Q_I$: 21.59$\\pm$0.38 k\n$Q_C$: 3.1704$\\pm$0.0095 k\n$f_{res}$: 6.0081139$\\pm$4.1e-06 GHz",
    "fit_result": {
        "hanger_func_complex_SI": {
            "success": true,
            "message": "Fit succeeded.",
            "params": {
                "fr": {
                    "name": "fr",
                    "user_data": null,
                    "init_value": 6008248743.718593,
                    "min": 5998500000.0,
                    "max": 6018500000.0,
                    "brute_step": null,
                    "stderr": 4113.446950425829,
                    "correl": {
                        "Ql": 0.0003645076534452988,
                        "Qe": 0.021185728775441268,
                        "A": 0.07696570643210977,
                        "theta": -0.8150346771995115,
                        "phi_v": -0.03948339757742847,
                        "phi_0": 0.03905848781970504,
                        "alpha": 0.4312646396457784
                    },
                    "value": 6008113882.0773115
                },
                "Ql": {
                    "name": "Ql",
                    "user_data": null,
                    "init_value": 1353.5235629900983,
                    "min": 30.041243718592963,
                    "max": 59782.07500003705,
                    "brute_step": null,
                    "stderr": 10.46372009786388,
                    "correl": {
                        "fr": 0.0003645076534452988,
                        "Qe": 0.8150374011719248,
                        "A": -0.43697144650216574,
                        "theta": 0.02040816651101836,
                        "phi_v": 0.431099432152961,
                        "phi_0": -0.4311506836287853,
                        "alpha": 0.03822199585305663
                    },
                    "value": 2764.3722454672657
                },
                "Qe": {
                    "name": "Qe",
                    "user_data": null,
                    "init_value": 1326.7211161982152,
                    "min": 0,
                    "max": Infinity,
                    "brute_step": null,
                    "stderr": 9.228865199584508,
                    "correl": {
                        "fr": 0.021185728775441268,
                        "Ql": 0.8150374011719248,
                        "A": -0.3777627714280327,
                        "theta": -0.0003982833991086489,
                        "phi_v": 0.558929635595741,
                        "phi_0": -0.5590051808250953,
                        "alpha": 0.07206770155155315
                    },
                    "value": 3130.440327841231
                },
                "A": {
                    "name": "A",
                    "user_data": null,
                    "init_value": 0.010053148578933704,
                    "min": 0,
                    "max": Infinity,
                    "brute_step": null,
                    "stderr": 7.4227797321304465e-06,
                    "correl": {
                        "fr": 0.07696570643210977,
                        "Ql": -0.43697144650216574,
                        "Qe": -0.3777627714280327,
                        "theta": -0.10896461071431587,
                        "phi_v": -0.2010468436780167,
                        "phi_0": 0.20103712238165808,
                        "alpha": 0.05584675872370548
                    },
                    "value": 0.011145729015132888
                },
                "theta": {
                    "name": "theta",
                    "user_data": null,
                    "init_value": 0,
                    "min": -1.5707963267948966,
                    "max": 1.5707963267948966,
                    "brute_step": null,
                    "stderr": 0.0029479896546445606,
                    "correl": {
                        "fr": -0.8150346771995115,
                        "Ql": 0.02040816651101836,
                        "Qe": -0.0003982833991086489,
                        "A": -0.10896461071431587,
                        "phi_v": 0.07387501521540146,
                        "phi_0": -0.07350339166306027,
                        "alpha": -0.5592271096779455
                    },
                    "value": 0.15889010080830657
                },
                "phi_v": {
                    "name": "phi_v",
                    "user_data": null,
                    "init_value": -1.3088545116477294e-07,
                    "min": -Infinity,
                    "max": Infinity,
                    "brute_step": null,
                    "stderr": 1.1594008184524328e-10,
                    "correl": {
                        "fr": -0.03948339757742847,
                        "Ql": 0.431099432152961,
                        "Qe": 0.558929635595741,
                        "A": -0.2010468436780167,
                        "theta": 0.07387501521540146,
                        "phi_0": -0.9999995420940133,
                        "alpha": -0.004076348613570809
                    },
                    "value": -7.122983401464631e-08
                },
                "phi_0": {
                    "name": "phi_0",
                    "user_data": null,
                    "init_value": 783.3189247801004,
                    "min": -Infinity,
                    "max": Infinity,
                    "brute_step": null,
                    "stderr": 0.6966190358417473,
                    "correl": {
                        "fr": 0.03905848781970504,
                        "Ql": -0.4311506836287853,
                        "Qe": -0.5590051808250953,
                        "A": 0.20103712238165808,
                        "theta": -0.07350339166306027,
                        "phi_v": -0.9999995420940133,
                        "alpha": 0.0038723095187188517
                    },
                    "value": 425.56752193751777
                },
                "alpha": {
                    "name": "alpha",
                    "user_data": null,
                    "init_value": 0,
                    "min": -1,
                    "max": 1,
                    "brute_step": null,
                    "stderr": 0.8704152394567567,
                    "correl": {
                        "fr": 0.4312646396457784,
                        "Ql": 0.03822199585305663,
                        "Qe": 0.07206770155155315,
                        "A": 0.05584675872370548,
                        "theta": -0.5592271096779455,
                        "phi_v": -0.004076348613570809,
                        "phi_0": 0.0038723095187188517
                    },
                    "value": 0.9999634689220325
                },
                "Qi": {
                    "name": "Qi",
                    "user_data": null,
                    "init_value": -66999.41636800993,
                    "min": -Infinity,
                    "max": Infinity,
                    "brute_step": null,
                    "stderr": 383.63716534709994,
                    "correl": null,
                    "value": 21586.253966539
                },
                "Qc": {
                    "name": "Qc",
                    "user_data": null,
                    "init_value": 1326.7211161982152,