{
    "fit_success": true,
    "Pi-pulse amplitude": {
        "__dtype__": "UFloat",
        "nominal_value": 0.3954174956450873,
        "std_dev": 0.0024798281227228205
    },
    "fit_msg": "Summary\nPi-pulse amplitude: 395.4$\\pm$2.5 mV\nOscillation amplitude: 152.8$\\pm$3.4 \u03bcV\nOffset: 646.0$\\pm$2.5 \u03bcV\n",
    "fit_result": {
        "Rabi_oscillation": {
            "success": true,
            "message": "Fit succeeded.",
            "params": {
                "frequency": {
                    "name": "frequency",
                    "user_data": null,
                    "init_value": 1.4142857142857164,
                    "min": 0,
                    "max": Infinity,
                    "brute_step": null,
                    "stderr": 0.007930121180262453,
                    "correl": {
                        "amplitude": -0.11246791845363639,
                        "offset": 0.3634367416343988
                    },
                    "value": 1.2644862847666767
                },
                "amplitude": {
                    "name": "amplitude",
                    "user_data": null,
                    "init_value": 0.0001816305711288931,
                    "min": 0,
                    "max": Infinity,
                    "brute_step": null,
                    "stderr": 3.444506238357018e-06,
                    "correl": {
                        "frequency": -0.11246791845363639,
                        "offset": -0.19151103513102644
                    },
                    "value": 0.00015284485855970864
                },
                "offset": {
                    "name": "offset",
                    "user_data": null,
                    "init_value": 0.000662771104030698,
                    "min": -Infinity,
                    "max": Infinity,
                    "brute_step": null,
                    "stderr": 2.482746993284814e-06,
                    "correl": {
                        "frequency": 0.3634367416343988,
                        "amplitude": -0.19151103513102644
                    },
                    "value": 0.000645962560138876
                },
                "phase": {
                    "name": "phase",
                    "user_data": null,
                    "init_value": 3.141592653589793,
                    "min": -Infinity,
                    "max": Infinity,
                    "brute_step": null,
                    "stderr": 0.0,
                    "correl": null,
                    "value": 3.141592653589793
                },
                "amp180": {
                    "name": "amp180",
                    "user_data": null,
                    "init_value": 0.35353535353535304,
                    "min": -Infinity,
                    "max": Infinity,
                    "brute_step": null,
                    "stderr": 0.0024798281227228205,
                    "correl": null,
                    "value": 0.3954174956450873
                }
            }
        }
    }
}