{
    "fit_success": true,
    "T1": {
        "__dtype__": "UFloat",
        "nominal_value": 8.861247262403893e-06,
        "std_dev": 4.4285991935257165e-07
    },
    "fit_msg": "Summary\n$T1$: 8.86$\\pm$0.44 \u03bcs\namplitude: 354.6$\\pm$8.6 \u03bcV\noffset: 564.1$\\pm$3.3 \u03bcV",
    "fit_result": {
        "exp_decay_func": {
            "success": true,
            "message": "Fit succeeded.",
            "params": {
                "tau": {
                    "name": "tau",
                    "user_data": null,
                    "init_value": 2.524e-05,
                    "min": 0,
                    "max": Infinity,
                    "brute_step": null,
                    "stderr": 4.4285991935257165e-07,
                    "correl": {
                        "amplitude": -0.4267709907660735,
                        "offset": -0.6990361340305968
                    },
                    "value": 8.861247262403893e-06
                },
                "amplitude": {
                    "name": "amplitude",
                    "user_data": null,
                    "init_value": 0.0003731329515398663,
                    "min": -Infinity,
                    "max": Infinity,
                    "brute_step": null,
                    "stderr": 8.634780704437855e-06,
                    "correl": {
                        "tau": -0.4267709907660735,
                        "offset": -0.08109942304976489
                    },
                    "value": 0.00035459347969439277
                },
                "offset": {
                    "name": "offset",
                    "user_data": null,
                    "init_value": 0.0005648372580327036,
                    "min": -Infinity,
                    "max": Infinity,
                    "brute_step": null,
                    "stderr": 3.3433130872220607e-06,
                    "correl": {
                        "tau": -0.6990361340305968,
                        "amplitude": -0.08109942304976489
                    },
                    "value": 0.0005641174799641192
                },
                "n_factor": {
                    "name": "n_factor",
                    "user_data": null,
                    "init_value": 1,
                    "min": -Infinity,
                    "max": Infinity,
                    "brute_step": null,
                    "stderr": 0.0,
                    "correl": null,
                    "value": 1
                }
            }
        }
    }
}