{
    "fit_success": true,
    "Qi": {
        "__dtype__": "UFloat",
        "nominal_value": 17864.475681479038,
        "std_dev": 310.86818038216467
    },
    "Qe": {
        "__dtype__": "UFloat",
        "nominal_value": 2379.6077508104986,
        "std_dev": 9.974251193231725
    },
    "Ql": {
        "__dtype__": "UFloat",
        "nominal_value": 2108.1275353153746,
        "std_dev": 10.116945821927985
    },
    "Qc": {
        "__dtype__": "UFloat",
        "nominal_value": 2390.185386787573,
        "std_dev": 10.063132959454602
    },
    "fr": {
        "__dtype__": "UFloat",
        "nominal_value": 6106759873.798994,
        "std_dev": 6950.9482866340995
    },
    "fit_msg": "Summary\n$Q_I$: 17.86$\\pm$0.31 k\n$Q_C$: 2.390$\\pm$0.010 k\n$f_{res}$: 6.1067599$\\pm$7.0e-06 GHz",
    "fit_result": {
        "hanger_func_complex_SI": {
            "success": true,
            "message": "Fit succeeded.",
            "params": {
                "fr": {
                    "name": "fr",
                    "user_data": null,
                    "init_value": 6106822613.065327,
                    "min": 6102300000.0,
                    "max": 6112300000.0,
                    "brute_step": null,
                    "stderr": 6950.9482866340995,
                    "correl": {
                        "Ql": 1.9171405249040234e-05,
                        "Qe": 0.04687562950789434,
                        "A": 0.10515121438805786,
                        "theta": -0.9144027015001889,
                        "phi_v": 0.07039910661028036,
                        "phi_0": -0.07078101500746989,
                        "alpha": 0.6480091927905463
                    },
                    "value": 6106759873.798994
                },
                "Ql": {
                    "name": "Ql",
                    "user_data": null,
                    "init_value": 2751.460085758075,
                    "min": 61.06822613065327,
                    "max": 121525.7700012285,
                    "brute_step": null,
                    "stderr": 10.116945821927985,
                    "correl": {
                        "fr": 1.9171405249040234e-05,
                        "Qe": 0.9143998836514943,
                        "A": -0.7289464528632658,
                        "theta": 0.04686601800357908,
                        "phi_v": 0.6483507398527479,
                        "phi_0": -0.6483303856233729,
                        "alpha": -0.07346692907996784
                    },
                    "value": 2108.1275353153746
                },
                "Qe": {
                    "name": "Qe",
                    "user_data": null,
                    "init_value": 2696.9757276242512,
                    "min": 0,
                    "max": Infinity,
                    "brute_step": null,
                    "stderr": 9.974251193231725,
                    "correl": {
                        "fr": 0.04687562950789434,
                        "Ql": 0.9143998836514943,
                        "A": -0.6832861309722025,
                        "theta": 1.1945658021822352e-05,
                        "phi_v": 0.7670409192512022,
                        "phi_0": -0.7670380140775119,
                        "alpha": -0.02502934959723519
                    },
                    "value": 2379.6077508104986
                },
                "A": {
                    "name": "A",
                    "user_data": null,
                    "init_value": 0.005881567560217103,
                    "min": 0,
                    "max": Infinity,
                    "brute_step": null,
                    "stderr": 1.1067077446283845e-05,
                    "correl": {
                        "fr": 0.10515121438805786,
                        "Ql": -0.7289464528632658,
                        "Qe": -0.6832861309722025,
                        "theta": -0.16372663620169553,
                        "phi_v": -0.4790846365550193,
                        "phi_0": 0.4790269426237431,
                        "alpha": 0.22308239145934777
                    },
                    "value": 0.007752209313531155
                },
                "theta": {
                    "name": "theta",
                    "user_data": null,
                    "init_value": 0,
                    "min": -1.5707963267948966,
                    "max": 1.5707963267948966,
                    "brute_step": null,
                    "stderr": 0.004191550340394039,
                    "correl": {
                        "fr": -0.9144027015001889,
                        "Ql": 0.04686601800357908,
                        "Qe": 1.1945658021822352e-05,
                        "A": -0.16372663620169553,
                        "phi_v": -0.021456306034124267,
                        "phi_0": 0.02182185406969667,
                        "alpha": -0.7669168909437415
                    },
                    "value": 0.0941139075033599
                },
                "phi_v": {
                    "name": "phi_v",
                    "user_data": null,
                    "init_value": -1.9332739400294193e-07,
                    "min": -Infinity,
                    "max": Infinity,
                    "brute_step": null,
                    "stderr": 4.4826171383556653e-10,
                    "correl": {
                        "fr": 0.07039910661028036,
                        "Ql": 0.6483507398527479,
                        "Qe": 0.7670409192512022,
                        "A": -0.4790846365550193,
                        "theta": -0.021456306034124267,
                        "phi_0": -0.9999998667377233,
                        "alpha": -0.004441482687812853
                    },
                    "value": -6.850502552415816e-08
                },
                "phi_0": {
                    "name": "phi_0",
                    "user_data": null,
                    "init_value": 1176.6589033758069,
                    "min": -Infinity,
                    "max": Infinity,
                    "brute_step": null,
                    "stderr": 2.7377434170179473,
                    "correl": {
                        "fr": -0.07078101500746989,
                        "Ql": -0.6483303856233729,
                        "Qe": -0.7670380140775119,
                        "A": 0.4790269426237431,
                        "theta": 0.02182185406969667,
                        "phi_v": -0.9999998667377233,
                        "alpha": 0.004176366710558767
                    },
                    "value": 415.22539284962863
                },
                "alpha": {
                    "name": "alpha",
                    "user_data": null,
                    "init_value": 0,
                    "min": -1,
                    "max": 1,
                    "brute_step": null,
                    "stderr": 3.65596935827684,
                    "correl": {
                        "fr": 0.6480091927905463,
                        "Ql": -0.07346692907996784,
                        "Qe": -0.02502934959723519,
                        "A": 0.22308239145934777,
                        "theta": -0.7669168909437415,
                        "phi_v": -0.004441482687812853,
                        "phi_0": 0.004176366710558767
                    },
                    "value": -0.9998868863166838
                },
                "Qi": {
                    "name": "Qi",
                    "user_data": null,
                    "init_value": -136197.27424502332,
                    "min": -Infinity,
                    "max": Infinity,
                    "brute_step": null,
                    "stderr": 310.86818038216467,
                    "correl": null,
                    "value": 17864.475681479038
                },
                "Qc": {
                    "name": "Qc",
                    "user_data": null,
                    "init_value": 2696.9757276242512,