{
    "amplitude": {
        "__dtype__": "UFloat",
        "nominal_value": 931601.3675352043,
        "std_dev": 25954.895759982388
    },
    "frequency": {
        "__dtype__": "UFloat",
        "nominal_value": 10.459836272785347,
        "std_dev": 0.15162106736321518
    },
    "shift": {
        "__dtype__": "UFloat",
        "nominal_value": 0.6208562177004833,
        "std_dev": 0.028155723042565403
    },
    "offset": {
        "__dtype__": "UFloat",
        "nominal_value": 5719560000.0,
        "std_dev": 132020.20047453788
    },
    "offset_0": {
        "__dtype__": "UFloat",
        "nominal_value": 0.09081787556904597,
        "std_dev": 0.0029964658868957576
    },
    "freq_0": 5720491601.367536,
    "fit_success": true,
    "fit_msg": "Summary:\nf_0: 5.7205 GHz\noffset_0: 90.8$\\pm$3.0 mV\n",
    "fit_result": {
        "sin": {
            "success": true,
            "message": "Fit succeeded.",
            "params": {
                "amplitude": {
                    "name": "amplitude",
                    "user_data": null,
                    "init_value": 923350.7503231994,
                    "min": 0,
                    "max": Infinity,
                    "brute_step": null,
                    "stderr": 25954.895759982388,
                    "correl": {
                        "frequency": 0.08877672456167883,
                        "shift": -0.05607606933529018
                    },
                    "value": 931601.3675352043
                },
                "frequency": {
                    "name": "frequency",
                    "user_data": null,
                    "init_value": 10.053096491487338,
                    "min": 0,
                    "max": Infinity,
                    "brute_step": null,
                    "stderr": 0.15162106736321518,
                    "correl": {
                        "amplitude": 0.08877672456167883,
                        "shift": -0.22956937219363163
                    },
                    "value": 10.459836272785347
                },
                "shift": {
                    "name": "shift",
                    "user_data": null,
                    "init_value": 0.5711986642890533,
                    "min": -6.283195307179586,
                    "max": 6.283195307179586,
                    "brute_step": null,
                    "stderr": 0.028155723042565403,
                    "correl": {
                        "amplitude": -0.05607606933529018,
                        "frequency": -0.22956937219363163
                    },
                    "value": 0.6208562177004833
                },
                "offset": {
                    "name": "offset",
                    "user_data": null,
                    "init_value": 5719560000.0,
                    "min": -Infinity,
                    "max": Infinity,
                    "brute_step": null,
                    "stderr": 132020.20047453788,
                    "correl": null,
                    "value": 5719560000.0
                }
            }
        }
    }
}