{
    "fit_success": true,
    "Qi": {
        "__dtype__": "UFloat",
        "nominal_value": 16908.2543747527,
        "std_dev": 729.8190666884941
    },
    "Qe": {
        "__dtype__": "UFloat",
        "nominal_value": 2349.0452317982913,
        "std_dev": 17.83185286226709
    },
    "Ql": {
        "__dtype__": "UFloat",
        "nominal_value": 2082.211682111502,
        "std_dev": 19.729939756172648
    },
    "Qc": {
        "__dtype__": "UFloat",
        "nominal_value": 2374.643423945994,
        "std_dev": 18.222684288681897
    },
    "fr": {
        "__dtype__": "UFloat",
        "nominal_value": 6106675828.467305,
        "std_dev": 13895.110581384928
    },
    "fit_msg": "Summary\n$Q_I$: 16.91$\\pm$0.73 k\n$Q_C$: 2.375$\\pm$0.018 k\n$f_{res}$: 6.106676$\\pm$1.4e-05 GHz",
    "fit_result": {
        "hanger_func_complex_SI": {
            "success": true,
            "message": "Fit succeeded.",
            "params": {
                "fr": {
                    "name": "fr",
                    "user_data": null,
                    "init_value": 6106847738.693467,
                    "min": 6097300000.0,
                    "max": 6117300000.0,
                    "brute_step": null,
                    "stderr": 13895.110581384928,
                    "correl": {
                        "Ql": 5.367451051963469e-06,
                        "Qe": 0.028869654200862026,
                        "A": 0.09222371100574336,
                        "theta": -0.8424604196623324,
                        "phi_v": -0.01957982725677917,
                        "phi_0": 0.01908095416587661,
                        "alpha": 0.4942428703525447
                    },
                    "value": 6106675828.467305
                },
                "Ql": {
                    "name": "Ql",
                    "user_data": null,
                    "init_value": 1375.735703112486,
                    "min": 30.534238693467337,
                    "max": 60763.13500003766,
                    "brute_step": null,
                    "stderr": 19.729939756172648,
                    "correl": {
                        "fr": 5.367451051963469e-06,
                        "Qe": 0.8424438326186352,
                        "A": -0.5147342691589151,
                        "theta": 0.028883214381255882,
                        "phi_v": 0.4941525795208517,
                        "phi_0": -0.49419374802958654,
                        "alpha": 0.01696705630076428
                    },
                    "value": 2082.211682111502
                },
                "Qe": {
                    "name": "Qe",
                    "user_data": null,
                    "init_value": 1348.4934119617435,
                    "min": 0,
                    "max": Infinity,
                    "brute_step": null,
                    "stderr": 17.83185286226709,
                    "correl": {
                        "fr": 0.028869654200862026,
                        "Ql": 0.8424438326186352,
                        "A": -0.45419491589825123,
                        "theta": 2.2591182162783584e-05,
                        "phi_v": 0.6255841280824397,
                        "phi_0": -0.6256519902575779,
                        "alpha": 0.05720854990827232
                    },
                    "value": 2349.0452317982913
                },
                "A": {
                    "name": "A",
                    "user_data": null,
                    "init_value": 0.006778607460389047,
                    "min": 0,
                    "max": Infinity,
                    "brute_step": null,
                    "stderr": 1.515023590588264e-05,
                    "correl": {
                        "fr": 0.09222371100574336,
                        "Ql": -0.5147342691589151,
                        "Qe": -0.45419491589825123,
                        "theta": -0.13360167653201097,
                        "phi_v": -0.26754094912691245,
                        "phi_0": 0.2675154413733588,
                        "alpha": 0.10382934487203453
                    },
                    "value": 0.007797582327364161
                },
                "theta": {
                    "name": "theta",
                    "user_data": null,
                    "init_value": 0,
                    "min": -1.5707963267948966,
                    "max": 1.5707963267948966,
                    "brute_step": null,
                    "stderr": 0.007591438296617976,
                    "correl": {
                        "fr": -0.8424604196623324,
                        "Ql": 0.028883214381255882,
                        "Qe": 2.2591182162783584e-05,
                        "A": -0.13360167653201097,
                        "phi_v": 0.060351069675677084,
                        "phi_0": -0.05990381811571797,
                        "alpha": -0.6258637508940037
                    },
                    "value": 0.14696413065791925
                },
                "phi_v": {
                    "name": "phi_v",
                    "user_data": null,
                    "init_value": -1.2647463262177318e-07,
                    "min": -Infinity,
                    "max": Infinity,
                    "brute_step": null,
                    "stderr": 3.345141189243588e-10,
                    "correl": {
                        "fr": -0.01957982725677917,
                        "Ql": 0.4941525795208517,
                        "Qe": 0.6255841280824397,
                        "A": -0.26754094912691245,
                        "theta": 0.060351069675677084,
                        "phi_0": -0.9999995484913015,
                        "alpha": -0.004549881632465869
                    },
                    "value": -7.008319954767307e-08
                },
                "phi_0": {
                    "name": "phi_0",
                    "user_data": null,
                    "init_value": 768.5829945131204,
                    "min": -Infinity,
                    "max": Infinity,
                    "brute_step": null,
                    "stderr": 2.0429690956549087,
                    "correl": {
                        "fr": 0.01908095416587661,
                        "Ql": -0.49419374802958654,
                        "Qe": -0.6256519902575779,
                        "A": 0.2675154413733588,
                        "theta": -0.05990381811571797,
                        "phi_v": -0.9999995484913015,
                        "alpha": 0.004280236939576328
                    },
                    "value": 424.89005555428383
                },
                "alpha": {
                    "name": "alpha",
                    "user_data": null,
                    "init_value": 0,
                    "min": -1,
                    "max": 1,
                    "brute_step": null,
                    "stderr": 2.8815634302786464,
                    "correl": {
                        "fr": 0.4942428703525447,
                        "Ql": 0.01696705630076428,
                        "Qe": 0.05720854990827232,
                        "A": 0.10382934487203453,
                        "theta": -0.6258637508940037,
                        "phi_v": -0.004549881632465869,
                        "phi_0": 0.004280236939576328
                    },
                    "value": -0.999978060727922
                },
                "Qi": {
                    "name": "Qi",
                    "user_data": null,
                    "init_value": -68098.91730406768,
                    "min": -Infinity,
                    "max": Infinity,
                    "brute_step": null,
                    "stderr": 729.8190666884941,
                    "correl": null,
                    "value": 16908.2543747527
                },
                "Qc": {
                    "name": "Qc",
                    "user_data": null,
                    "init_value": 1348.4934119617435,