{
    "fit_success": true,
    "T1": {
        "__dtype__": "UFloat",
        "nominal_value": 9.171374864669346e-06,
        "std_dev": 5.462962534559786e-07
    },
    "fit_msg": "Summary\n$T1$: 9.17$\\pm$0.55 \u03bcs\namplitude: 369$\\pm$11 \u03bcV\noffset: 572.0$\\pm$4.3 \u03bcV",
    "fit_result": {
        "exp_decay_func": {
            "success": true,
            "message": "Fit succeeded.",
            "params": {
                "tau": {
                    "name": "tau",
                    "user_data": null,
                    "init_value": 2.524e-05,
                    "min": 0,
                    "max": Infinity,
                    "brute_step": null,
                    "stderr": 5.462962534559786e-07,
                    "correl": {
                        "amplitude": -0.4129286351812224,
                        "offset": -0.7125256529310523
                    },
                    "value": 9.171374864669346e-06
                },
                "amplitude": {
                    "name": "amplitude",
                    "user_data": null,
                    "init_value": 0.00037948035647808237,
                    "min": -Infinity,
                    "max": Infinity,
                    "brute_step": null,
                    "stderr": 1.0526540140957822e-05,
                    "correl": {
                        "tau": -0.4129286351812224,
                        "offset": -0.08694347983281837
                    },
                    "value": 0.0003690154460405441
                },
                "offset": {
                    "name": "offset",
                    "user_data": null,
                    "init_value": 0.0005796868393899236,
                    "min": -Infinity,
                    "max": Infinity,
                    "brute_step": null,
                    "stderr": 4.2500988443134715e-06,
                    "correl": {
                        "tau": -0.7125256529310523,
                        "amplitude": -0.08694347983281837
                    },
                    "value": 0.0005719965759821545
                },
                "n_factor": {
                    "name": "n_factor",
                    "user_data": null,
                    "init_value": 1,
                    "min": -Infinity,
                    "max": Infinity,
                    "brute_step": null,
                    "stderr": 0.0,
                    "correl": null,
                    "value": 1
                }
            }
        }
    }
}