{
    "fit_success": true,
    "T1": {
        "__dtype__": "UFloat",
        "nominal_value": 9.622741629966569e-06,
        "std_dev": 5.344860866253395e-07
    },
    "fit_msg": "Summary\n$T1$: 9.62$\\pm$0.53 \u03bcs\namplitude: 359.8$\\pm$9.3 \u03bcV\noffset: 566.8$\\pm$4.0 \u03bcV",
    "fit_result": {
        "exp_decay_func": {
            "success": true,
            "message": "Fit succeeded.",
            "params": {
                "tau": {
                    "name": "tau",
                    "user_data": null,
                    "init_value": 2.524e-05,
                    "min": 0,
                    "max": Infinity,
                    "brute_step": null,
                    "stderr": 5.344860866253395e-07,
                    "correl": {
                        "amplitude": -0.391387062824589,
                        "offset": -0.7312417353247828
                    },
                    "value": 9.622741629966569e-06
                },
                "amplitude": {
                    "name": "amplitude",
                    "user_data": null,
                    "init_value": 0.0003569832413398555,
                    "min": -Infinity,
                    "max": Infinity,
                    "brute_step": null,
                    "stderr": 9.327179158046042e-06,
                    "correl": {
                        "tau": -0.391387062824589,
                        "offset": -0.09687392458356661
                    },
                    "value": 0.0003598225413849519
                },
                "offset": {
                    "name": "offset",
                    "user_data": null,
                    "init_value": 0.0005931924002241249,
                    "min": -Infinity,
                    "max": Infinity,
                    "brute_step": null,
                    "stderr": 4.001957303466927e-06,
                    "correl": {
                        "tau": -0.7312417353247828,
                        "amplitude": -0.09687392458356661
                    },
                    "value": 0.0005668393745022411
                },
                "n_factor": {
                    "name": "n_factor",
                    "user_data": null,
                    "init_value": 1,
                    "min": -Infinity,
                    "max": Infinity,
                    "brute_step": null,
                    "stderr": 0.0,
                    "correl": null,
                    "value": 1
                }
            }
        }
    }
}