{
    "fit_success": true,
    "Qi": {
        "__dtype__": "UFloat",
        "nominal_value": 10528.573266364614,
        "std_dev": 265.82108571823983
    },
    "Qe": {
        "__dtype__": "UFloat",
        "nominal_value": 9956.602289982487,
        "std_dev": 128.00819112163623
    },
    "Ql": {
        "__dtype__": "UFloat",
        "nominal_value": 5509.471330865746,
        "std_dev": 93.1237085167828
    },
    "Qc": {
        "__dtype__": "UFloat",
        "nominal_value": 11557.221453441118,
        "std_dev": 172.4551561724458
    },
    "fr": {
        "__dtype__": "UFloat",
        "nominal_value": 5719766796.593407,
        "std_dev": 8773.352220243221
    },
    "fit_msg": "Summary\n$Q_I$: 10.53$\\pm$0.27 k\n$Q_C$: 11.56$\\pm$0.17 k\n$f_{res}$: 5.7197668$\\pm$8.8e-06 GHz",
    "fit_result": {
        "hanger_func_complex_SI": {
            "success": true,
            "message": "Fit succeeded.",
            "params": {
                "fr": {
                    "name": "fr",
                    "user_data": null,
                    "init_value": 5719998241.20603,
                    "min": 5710350000.0,
                    "max": 5730350000.0,
                    "brute_step": null,
                    "stderr": 8773.352220243221,
                    "correl": {
                        "Ql": 0.00016589885490925205,
                        "Qe": 0.01899825084470278,
                        "A": 0.1661980265873982,
                        "theta": -0.7696436618224272,
                        "phi_v": -0.12953155788107673,
                        "phi_0": 0.12925651730663548,
                        "alpha": 0.2788948252367314
                    },
                    "value": 5719766796.593407
                },
                "Ql": {
                    "name": "Ql",
                    "user_data": null,
                    "init_value": 1288.5871956996493,
                    "min": 28.59999120603015,
                    "max": 56913.98250003528,
                    "brute_step": null,
                    "stderr": 93.1237085167828,
                    "correl": {
                        "fr": 0.00016589885490925205,
                        "Qe": 0.7696744359974149,
                        "A": -0.259205194150693,
                        "theta": 0.0186528310796839,
                        "phi_v": 0.27842862495264276,
                        "phi_0": -0.2785725514253276,
                        "alpha": 0.12866406460507554
                    },
                    "value": 5509.471330865746
                },
                "Qe": {
                    "name": "Qe",
                    "user_data": null,
                    "init_value": 1263.070617566983,
                    "min": 0,
                    "max": Infinity,
                    "brute_step": null,
                    "stderr": 128.00819112163623,
                    "correl": {
                        "fr": 0.01899825084470278,
                        "Ql": 0.7696744359974149,
                        "A": -0.2501377314178582,
                        "theta": -0.00017352984614010252,
                        "phi_v": 0.3727557193680371,
                        "phi_0": -0.37295427318139024,
                        "alpha": 0.19267021520453478
                    },
                    "value": 9956.602289982487
                },
                "A": {
                    "name": "A",
                    "user_data": null,
                    "init_value": 0.0039055920577408722,
                    "min": 0,
                    "max": Infinity,
                    "brute_step": null,
                    "stderr": 5.29760287615299e-06,
                    "correl": {
                        "fr": 0.1661980265873982,
                        "Ql": -0.259205194150693,
                        "Qe": -0.2501377314178582,
                        "theta": -0.22772247549725544,
                        "phi_v": -0.12954055750676588,
                        "phi_0": 0.12953039629180094,
                        "alpha": 0.08687080453843743
                    },
                    "value": 0.0040318614708581
                },
                "theta": {
                    "name": "theta",
                    "user_data": null,
                    "init_value": 0,
                    "min": -1.5707963267948966,
                    "max": 1.5707963267948966,
                    "brute_step": null,
                    "stderr": 0.012855102415639466,
                    "correl": {
                        "fr": -0.7696436618224272,
                        "Ql": 0.0186528310796839,
                        "Qe": -0.00017352984614010252,
                        "A": -0.22772247549725544,
                        "phi_v": 0.1939277004250774,
                        "phi_0": -0.19365554764760406,
                        "alpha": -0.37345953185231023
                    },
                    "value": 0.5325703067429677
                },
                "phi_v": {
                    "name": "phi_v",
                    "user_data": null,
                    "init_value": -9.495914783725521e-08,
                    "min": -Infinity,
                    "max": Infinity,
                    "brute_step": null,
                    "stderr": 2.2738374157221506e-10,
                    "correl": {
                        "fr": -0.12953155788107673,
                        "Ql": 0.27842862495264276,
                        "Qe": 0.3727557193680371,
                        "A": -0.12954055750676588,
                        "theta": 0.1939277004250774,
                        "phi_0": -0.9999994927223586,
                        "alpha": -0.004172758713096993
                    },
                    "value": -7.53507004228518e-08
                },
                "phi_0": {
                    "name": "phi_0",
                    "user_data": null,
                    "init_value": 541.3768522043507,
                    "min": -Infinity,
                    "max": Infinity,
                    "brute_step": null,
                    "stderr": 1.3006975514345882,
                    "correl": {
                        "fr": 0.12925651730663548,
                        "Ql": -0.2785725514253276,
                        "Qe": -0.37295427318139024,
                        "A": 0.12953039629180094,
                        "theta": -0.19365554764760406,
                        "phi_v": -0.9999994927223586,
                        "alpha": 0.004034515129793946
                    },
                    "value": 429.4502568465144
                },
                "alpha": {
                    "name": "alpha",
                    "user_data": null,
                    "init_value": 0,
                    "min": -1,
                    "max": 1,
                    "brute_step": null,
                    "stderr": 1.508007005746542,
                    "correl": {
                        "fr": 0.2788948252367314,
                        "Ql": 0.12866406460507554,
                        "Qe": 0.19267021520453478,
                        "A": 0.08687080453843743,
                        "theta": -0.37345953185231023,
                        "phi_v": -0.004172758713096993,
                        "phi_0": 0.004034515129793946
                    },
                    "value": 0.9999752631219734
                },
                "Qi": {
                    "name": "Qi",
                    "user_data": null,
                    "init_value": -63785.06618713234,
                    "min": -Infinity,
                    "max": Infinity,
                    "brute_step": null,
                    "stderr": 265.82108571823983,
                    "correl": null,
                    "value": 10528.573266364614
                },
                "Qc": {
                    "name": "Qc",
                    "user_data": null,
                    "init_value": 1263.070617566983,