{
    "amplitude": {
        "__dtype__": "UFloat",
        "nominal_value": 341816.90968712146,
        "std_dev": 18656.98538589389
    },
    "frequency": {
        "__dtype__": "UFloat",
        "nominal_value": 9.384485715424518,
        "std_dev": 0.3048037337990971
    },
    "shift": {
        "__dtype__": "UFloat",
        "nominal_value": 1.0202794347352206,
        "std_dev": 0.054199416684429555
    },
    "offset": {
        "__dtype__": "UFloat",
        "nominal_value": 6106826666.666666,
        "std_dev": 49062.31864793971
    },
    "offset_0": {
        "__dtype__": "UFloat",
        "nominal_value": 0.05866244659042274,
        "std_dev": 0.006081598569501672
    },
    "freq_0": 6107168483.576353,
    "fit_success": true,
    "fit_msg": "Summary:\nf_0: 6.1072 GHz\noffset_0: 58.7$\\pm$6.1 mV\n",
    "fit_result": {
        "sin": {
            "success": true,
            "message": "Fit succeeded.",
            "params": {
                "amplitude": {
                    "name": "amplitude",
                    "user_data": null,
                    "init_value": 333735.39231702563,
                    "min": 0,
                    "max": Infinity,
                    "brute_step": null,
                    "stderr": 18656.98538589389,
                    "correl": {
                        "frequency": -0.1547886266488628,
                        "shift": 0.10050583497001887
                    },
                    "value": 341816.90968712146
                },
                "frequency": {
                    "name": "frequency",
                    "user_data": null,
                    "init_value": 10.053096491487338,
                    "min": 0,
                    "max": Infinity,
                    "brute_step": null,
                    "stderr": 0.3048037337990971,
                    "correl": {
                        "amplitude": -0.1547886266488628,
                        "shift": -0.26605156624562765
                    },
                    "value": 9.384485715424518
                },
                "shift": {
                    "name": "shift",
                    "user_data": null,
                    "init_value": 1.1423973285781066,
                    "min": -6.283195307179586,
                    "max": 6.283195307179586,
                    "brute_step": null,
                    "stderr": 0.054199416684429555,
                    "correl": {
                        "amplitude": 0.10050583497001887,
                        "frequency": -0.26605156624562765
                    },
                    "value": 1.0202794347352206
                },
                "offset": {
                    "name": "offset",
                    "user_data": null,
                    "init_value": 6106826666.666666,
                    "min": -Infinity,
                    "max": Infinity,
                    "brute_step": null,
                    "stderr": 49062.31864793971,
                    "correl": null,
                    "value": 6106826666.666666
                }
            }
        }
    }
}