{
    "fit_success": true,
    "Pi-pulse amplitude": {
        "__dtype__": "UFloat",
        "nominal_value": 0.39975165979848454,
        "std_dev": 0.0021511053768170974
    },
    "fit_msg": "Summary\nPi-pulse amplitude: 399.8$\\pm$2.2 mV\nOscillation amplitude: 155.2$\\pm$3.0 \u03bcV\nOffset: 740.5$\\pm$2.2 \u03bcV\n",
    "fit_result": {
        "Rabi_oscillation": {
            "success": true,
            "message": "Fit succeeded.",
            "params": {
                "frequency": {
                    "name": "frequency",
                    "user_data": null,
                    "init_value": 1.4142857142857164,
                    "min": 0,
                    "max": Infinity,
                    "brute_step": null,
                    "stderr": 0.006730559055494134,
                    "correl": {
                        "amplitude": -0.0978639100755018,
                        "offset": 0.3519176172269965
                    },
                    "value": 1.2507765452482444
                },
                "amplitude": {
                    "name": "amplitude",
                    "user_data": null,
                    "init_value": 0.00018029997866720953,
                    "min": 0,
                    "max": Infinity,
                    "brute_step": null,
                    "stderr": 3.009794724494528e-06,
                    "correl": {
                        "frequency": -0.0978639100755018,
                        "offset": -0.19955916099930476
                    },
                    "value": 0.00015523838672892865
                },
                "offset": {
                    "name": "offset",
                    "user_data": null,
                    "init_value": 0.0007591006484096087,
                    "min": -Infinity,
                    "max": Infinity,
                    "brute_step": null,
                    "stderr": 2.1591132486710945e-06,
                    "correl": {
                        "frequency": 0.3519176172269965,
                        "amplitude": -0.19955916099930476
                    },
                    "value": 0.0007405356419322738
                },
                "phase": {
                    "name": "phase",
                    "user_data": null,
                    "init_value": 3.141592653589793,
                    "min": -Infinity,
                    "max": Infinity,
                    "brute_step": null,
                    "stderr": 0.0,
                    "correl": null,
                    "value": 3.141592653589793
                },
                "amp180": {
                    "name": "amp180",
                    "user_data": null,
                    "init_value": 0.35353535353535304,
                    "min": -Infinity,
                    "max": Infinity,
                    "brute_step": null,
                    "stderr": 0.0021511053768170974,
                    "correl": null,
                    "value": 0.39975165979848454
                }
            }
        }
    }
}