{
    "fit_success": true,
    "T1": {
        "__dtype__": "UFloat",
        "nominal_value": 8.903758187850386e-06,
        "std_dev": 4.2302400233756343e-07
    },
    "fit_msg": "Summary\n$T1$: 8.90$\\pm$0.42 \u03bcs\namplitude: 359.9$\\pm$8.3 \u03bcV\noffset: 578.8$\\pm$3.2 \u03bcV",
    "fit_result": {
        "exp_decay_func": {
            "success": true,
            "message": "Fit succeeded.",
            "params": {
                "tau": {
                    "name": "tau",
                    "user_data": null,
                    "init_value": 2.524e-05,
                    "min": 0,
                    "max": Infinity,
                    "brute_step": null,
                    "stderr": 4.2302400233756343e-07,
                    "correl": {
                        "amplitude": -0.42491500491523415,
                        "offset": -0.7009190416538887
                    },
                    "value": 8.903758187850386e-06
                },
                "amplitude": {
                    "name": "amplitude",
                    "user_data": null,
                    "init_value": 0.0003820894355342794,
                    "min": -Infinity,
                    "max": Infinity,
                    "brute_step": null,
                    "stderr": 8.31184273678033e-06,
                    "correl": {
                        "tau": -0.42491500491523415,
                        "offset": -0.08185657737166636
                    },
                    "value": 0.00035989702500515433
                },
                "offset": {
                    "name": "offset",
                    "user_data": null,
                    "init_value": 0.0005825096669057375,
                    "min": -Infinity,
                    "max": Infinity,
                    "brute_step": null,
                    "stderr": 3.236848449622149e-06,
                    "correl": {
                        "tau": -0.7009190416538887,
                        "amplitude": -0.08185657737166636
                    },
                    "value": 0.0005787853234751972
                },
                "n_factor": {
                    "name": "n_factor",
                    "user_data": null,
                    "init_value": 1,
                    "min": -Infinity,
                    "max": Infinity,
                    "brute_step": null,
                    "stderr": 0.0,
                    "correl": null,
                    "value": 1
                }
            }
        }
    }
}