{
    "fit_success": true,
    "T1": {
        "__dtype__": "UFloat",
        "nominal_value": 8.504056131730664e-06,
        "std_dev": 5.213263726101042e-07
    },
    "fit_msg": "Summary\n$T1$: 8.50$\\pm$0.52 \u03bcs\namplitude: 367$\\pm$11 \u03bcV\noffset: 589.9$\\pm$4.1 \u03bcV",
    "fit_result": {
        "exp_decay_func": {
            "success": true,
            "message": "Fit succeeded.",
            "params": {
                "tau": {
                    "name": "tau",
                    "user_data": null,
                    "init_value": 2.524e-05,
                    "min": 0,
                    "max": Infinity,
                    "brute_step": null,
                    "stderr": 5.213263726101042e-07,
                    "correl": {
                        "amplitude": -0.44181580171066354,
                        "offset": -0.6828325215295579
                    },
                    "value": 8.504056131730664e-06
                },
                "amplitude": {
                    "name": "amplitude",
                    "user_data": null,
                    "init_value": 0.0004039659777068551,
                    "min": -Infinity,
                    "max": Infinity,
                    "brute_step": null,
                    "stderr": 1.1189831655985919e-05,
                    "correl": {
                        "tau": -0.44181580171066354,
                        "offset": -0.07528549129899875
                    },
                    "value": 0.00036740529318297205
                },
                "offset": {
                    "name": "offset",
                    "user_data": null,
                    "init_value": 0.000581607085716647,
                    "min": -Infinity,
                    "max": Infinity,
                    "brute_step": null,
                    "stderr": 4.127912776946902e-06,
                    "correl": {
                        "tau": -0.6828325215295579,
                        "amplitude": -0.07528549129899875
                    },
                    "value": 0.0005898760297498175
                },
                "n_factor": {
                    "name": "n_factor",
                    "user_data": null,
                    "init_value": 1,
                    "min": -Infinity,
                    "max": Infinity,
                    "brute_step": null,
                    "stderr": 0.0,
                    "correl": null,
                    "value": 1
                }
            }
        }
    }
}