{
    "fit_success": true,
    "Qi": {
        "__dtype__": "UFloat",
        "nominal_value": 17403.16732439061,
        "std_dev": 788.9076315452317
    },
    "Qe": {
        "__dtype__": "UFloat",
        "nominal_value": 2351.5789162267047,
        "std_dev": 18.26159262604502
    },
    "Ql": {
        "__dtype__": "UFloat",
        "nominal_value": 2092.350370026415,
        "std_dev": 20.30040365083954
    },
    "Qc": {
        "__dtype__": "UFloat",
        "nominal_value": 2378.28743556633,
        "std_dev": 18.678845450628526
    },
    "fr": {
        "__dtype__": "UFloat",
        "nominal_value": 6106740490.691393,
        "std_dev": 14158.888869469163
    },
    "fit_msg": "Summary\n$Q_I$: 17.40$\\pm$0.79 k\n$Q_C$: 2.378$\\pm$0.019 k\n$f_{res}$: 6.106740$\\pm$1.4e-05 GHz",
    "fit_result": {
        "hanger_func_complex_SI": {
            "success": true,
            "message": "Fit succeeded.",
            "params": {
                "fr": {
                    "name": "fr",
                    "user_data": null,
                    "init_value": 6106948241.20603,
                    "min": 6097300000.0,
                    "max": 6117300000.0,
                    "brute_step": null,
                    "stderr": 14158.888869469163,
                    "correl": {
                        "Ql": 5.144194708300616e-06,
                        "Qe": 0.028341799901496007,
                        "A": 0.08983703385284932,
                        "theta": -0.8418625233512994,
                        "phi_v": -0.026637748086711377,
                        "phi_0": 0.026141096631824887,
                        "alpha": 0.4928361251354494
                    },
                    "value": 6106740490.691393
                },
                "Ql": {
                    "name": "Ql",
                    "user_data": null,
                    "init_value": 1375.7583440723888,
                    "min": 30.53474120603015,
                    "max": 60764.13500003766,
                    "brute_step": null,
                    "stderr": 20.30040365083954,
                    "correl": {
                        "fr": 5.144194708300616e-06,
                        "Qe": 0.8418432047702016,
                        "A": -0.5130105554752741,
                        "theta": 0.02835334398858766,
                        "phi_v": 0.49270602304563854,
                        "phi_0": -0.49275201981313027,
                        "alpha": 0.0240289942844493
                    },
                    "value": 2092.350370026415
                },
                "Qe": {
                    "name": "Qe",
                    "user_data": null,
                    "init_value": 1348.5156045858066,
                    "min": 0,
                    "max": Infinity,
                    "brute_step": null,
                    "stderr": 18.26159262604502,
                    "correl": {
                        "fr": 0.028341799901496007,
                        "Ql": 0.8418432047702016,
                        "A": -0.4518247330561171,
                        "theta": 2.0108409267844503e-05,
                        "phi_v": 0.6237442365069332,
                        "phi_0": -0.6238176198079112,
                        "alpha": 0.06388118235504775
                    },
                    "value": 2351.5789162267047
                },
                "A": {
                    "name": "A",
                    "user_data": null,
                    "init_value": 0.0067695082236173655,
                    "min": 0,
                    "max": Infinity,
                    "brute_step": null,
                    "stderr": 1.5479800574687996e-05,
                    "correl": {
                        "fr": 0.08983703385284932,
                        "Ql": -0.5130105554752741,
                        "Qe": -0.4518247330561171,
                        "theta": -0.13002055219021494,
                        "phi_v": -0.2658855500685719,
                        "phi_0": 0.26586421263399884,
                        "alpha": 0.08902587437811642
                    },
                    "value": 0.007782637256294356
                },
                "theta": {
                    "name": "theta",
                    "user_data": null,
                    "init_value": 0,
                    "min": -1.5707963267948966,
                    "max": 1.5707963267948966,
                    "brute_step": null,
                    "stderr": 0.007766089612152353,
                    "correl": {
                        "fr": -0.8418625233512994,
                        "Ql": 0.02835334398858766,
                        "Qe": 2.0108409267844503e-05,
                        "A": -0.13002055219021494,
                        "phi_v": 0.0670156677160989,
                        "phi_0": -0.06657176329697714,
                        "alpha": -0.6240629338188374
                    },
                    "value": 0.15000820187063235
                },
                "phi_v": {
                    "name": "phi_v",
                    "user_data": null,
                    "init_value": -1.2596855606549223e-07,
                    "min": -Infinity,
                    "max": Infinity,
                    "brute_step": null,
                    "stderr": 3.430744852981375e-10,
                    "correl": {
                        "fr": -0.026637748086711377,
                        "Ql": 0.49270602304563854,
                        "Qe": 0.6237442365069332,
                        "A": -0.2658855500685719,
                        "theta": 0.0670156677160989,
                        "phi_0": -0.999999548871046,
                        "alpha": -0.004555010855260451
                    },
                    "value": -7.01946963992957e-08
                },
                "phi_0": {
                    "name": "phi_0",
                    "user_data": null,
                    "init_value": 765.5093085000766,
                    "min": -Infinity,
                    "max": Infinity,
                    "brute_step": null,
                    "stderr": 2.095241949357244,
                    "correl": {
                        "fr": 0.026141096631824887,
                        "Ql": -0.49275201981313027,
                        "Qe": -0.6238176198079112,
                        "A": 0.26586421263399884,
                        "theta": -0.06657176329697714,
                        "phi_v": -0.999999548871046,
                        "alpha": 0.004287364100235733
                    },
                    "value": 425.57683644542396
                },
                "alpha": {
                    "name": "alpha",
                    "user_data": null,
                    "init_value": 0,
                    "min": -1,
                    "max": 1,
                    "brute_step": null,
                    "stderr": 2.6347921277955373,
                    "correl": {
                        "fr": 0.4928361251354494,
                        "Ql": 0.0240289942844493,
                        "Qe": 0.06388118235504775,
                        "A": 0.08902587437811642,
                        "theta": -0.6240629338188374,
                        "phi_v": -0.004555010855260451,
                        "phi_0": 0.004287364100235733
                    },
                    "value": -0.9999703202208012
                },
                "Qi": {
                    "name": "Qi",
                    "user_data": null,
                    "init_value": -68100.03803158276,
                    "min": -Infinity,
                    "max": Infinity,
                    "brute_step": null,
                    "stderr": 788.9076315452317,
                    "correl": null,
                    "value": 17403.16732439061
                },
                "Qc": {
                    "name": "Qc",
                    "user_data": null,
                    "init_value": 1348.5156045858066,