{
    "fit_success": true,
    "T1": {
        "__dtype__": "UFloat",
        "nominal_value": 9.01261283337007e-06,
        "std_dev": 4.4966278237632297e-07
    },
    "fit_msg": "Summary\n$T1$: 9.01$\\pm$0.45 \u03bcs\namplitude: 371.0$\\pm$8.9 \u03bcV\noffset: 578.1$\\pm$3.5 \u03bcV",
    "fit_result": {
        "exp_decay_func": {
            "success": true,
            "message": "Fit succeeded.",
            "params": {
                "tau": {
                    "name": "tau",
                    "user_data": null,
                    "init_value": 2.524e-05,
                    "min": 0,
                    "max": Infinity,
                    "brute_step": null,
                    "stderr": 4.4966278237632297e-07,
                    "correl": {
                        "amplitude": -0.4200980837764243,
                        "offset": -0.7056959252773766
                    },
                    "value": 9.01261283337007e-06
                },
                "amplitude": {
                    "name": "amplitude",
                    "user_data": null,
                    "init_value": 0.0003836629390779416,
                    "min": -Infinity,
                    "max": Infinity,
                    "brute_step": null,
                    "stderr": 8.942852711171852e-06,
                    "correl": {
                        "tau": -0.4200980837764243,
                        "offset": -0.08386047901561068
                    },
                    "value": 0.00037097515403443425
                },
                "offset": {
                    "name": "offset",
                    "user_data": null,
                    "init_value": 0.0005854745590920747,
                    "min": -Infinity,
                    "max": Infinity,
                    "brute_step": null,
                    "stderr": 3.534256985383252e-06,
                    "correl": {
                        "tau": -0.7056959252773766,
                        "amplitude": -0.08386047901561068
                    },
                    "value": 0.0005781003633272151
                },
                "n_factor": {
                    "name": "n_factor",
                    "user_data": null,
                    "init_value": 1,
                    "min": -Infinity,
                    "max": Infinity,
                    "brute_step": null,
                    "stderr": 0.0,
                    "correl": null,
                    "value": 1
                }
            }
        }
    }
}