{
    "fit_success": true,
    "Qi": {
        "__dtype__": "UFloat",
        "nominal_value": 19740.748870229625,
        "std_dev": 996.1457735031112
    },
    "Qe": {
        "__dtype__": "UFloat",
        "nominal_value": 3557.3176784051757,
        "std_dev": 89.12233466429531
    },
    "Ql": {
        "__dtype__": "UFloat",
        "nominal_value": 3024.6111351850004,
        "std_dev": 78.38281235805823
    },
    "Qc": {
        "__dtype__": "UFloat",
        "nominal_value": 3571.883038784249,
        "std_dev": 89.85414199194098
    },
    "fr": {
        "__dtype__": "UFloat",
        "nominal_value": 6107015936.876396,
        "std_dev": 26164.171486073355
    },
    "fit_msg": "Summary\n$Q_I$: 19.74$\\pm$1.0 k\n$Q_C$: 3.572$\\pm$0.090 k\n$f_{res}$: 6.107016$\\pm$2.6e-05 GHz",
    "fit_result": {
        "hanger_func_complex_SI": {
            "success": true,
            "message": "Fit succeeded.",
            "params": {
                "fr": {
                    "name": "fr",
                    "user_data": null,
                    "init_value": 6106928140.703518,
                    "min": 6105300000.0,
                    "max": 6109300000.0,
                    "brute_step": null,
                    "stderr": 26164.171486073355,
                    "correl": {
                        "Ql": 7.385081098312337e-05,
                        "Qe": -0.009631258621043061,
                        "A": 0.010895924140899379,
                        "theta": -0.9682110574167949,
                        "phi_v": 0.2829570906893241,
                        "phi_0": -0.2831760767343465,
                        "alpha": 0.7288818935898627
                    },
                    "value": 6107015936.876396
                },
                "Ql": {
                    "name": "Ql",
                    "user_data": null,
                    "init_value": 6878.769079499951,
                    "min": 152.67320351758795,
                    "max": 303819.67500883725,
                    "brute_step": null,
                    "stderr": 78.38281235805823,
                    "correl": {
                        "fr": 7.385081098312337e-05,
                        "Qe": 0.968207212620799,
                        "A": -0.8888758222639563,
                        "theta": -0.009765915945300878,
                        "phi_v": 0.7302452655940104,
                        "phi_0": -0.7301713749506911,
                        "alpha": -0.2863706935046184
                    },
                    "value": 3024.6111351850004
                },
                "Qe": {
                    "name": "Qe",
                    "user_data": null,
                    "init_value": 6742.555830400941,
                    "min": 0,
                    "max": Infinity,
                    "brute_step": null,
                    "stderr": 89.12233466429531,
                    "correl": {
                        "fr": -0.009631258621043061,
                        "Ql": 0.968207212620799,
                        "A": -0.8821707922273263,
                        "theta": -6.060473892122402e-05,
                        "phi_v": 0.7965298207404647,
                        "phi_0": -0.7964491690904422,
                        "alpha": -0.30370566907010393
                    },
                    "value": 3557.3176784051757
                },
                "A": {
                    "name": "A",
                    "user_data": null,
                    "init_value": 0.0041089160198201306,
                    "min": 0,
                    "max": Infinity,
                    "brute_step": null,
                    "stderr": 7.062253207921406e-05,
                    "correl": {
                        "fr": 0.010895924140899379,
                        "Ql": -0.8888758222639563,
                        "Qe": -0.8821707922273263,
                        "theta": -0.01143567063198561,
                        "phi_v": -0.6610001644748548,
                        "phi_0": 0.6609289533440611,
                        "alpha": 0.37805992659944126
                    },
                    "value": 0.006450633030374853
                },
                "theta": {
                    "name": "theta",
                    "user_data": null,
                    "init_value": 0,
                    "min": -1.5707963267948966,
                    "max": 1.5707963267948966,
                    "brute_step": null,
                    "stderr": 0.02505342035321518,
                    "correl": {
                        "fr": -0.9682110574167949,
                        "Ql": -0.009765915945300878,
                        "Qe": -6.060473892122402e-05,
                        "A": -0.01143567063198561,
                        "phi_v": -0.29998468836768155,
                        "phi_0": 0.3002011949771371,
                        "alpha": -0.7950799249544882
                    },
                    "value": -0.09033887764196002
                },
                "phi_v": {
                    "name": "phi_v",
                    "user_data": null,
                    "init_value": -2.1807729220080126e-07,
                    "min": -Infinity,
                    "max": Infinity,
                    "brute_step": null,
                    "stderr": 6.7447531401309214e-09,
                    "correl": {
                        "fr": 0.2829570906893241,
                        "Ql": 0.7302452655940104,
                        "Qe": 0.7965298207404647,
                        "A": -0.6610001644748548,
                        "theta": -0.29998468836768155,
                        "phi_0": -0.999999966913371,
                        "alpha": -0.004670990522187695
                    },
                    "value": 7.407004777456418e-08
                },
                "phi_0": {
                    "name": "phi_0",
                    "user_data": null,
                    "init_value": 1334.0121556173717,
                    "min": -Infinity,
                    "max": Infinity,
                    "brute_step": null,
                    "stderr": 41.19443740205139,
                    "correl": {
                        "fr": -0.2831760767343465,
                        "Ql": -0.7301713749506911,
                        "Qe": -0.7964491690904422,
                        "A": 0.6609289533440611,
                        "theta": 0.3002011949771371,
                        "phi_v": -0.999999966913371,
                        "alpha": 0.0044803775240883055
                    },
                    "value": -449.3077560418549
                },
                "alpha": {
                    "name": "alpha",
                    "user_data": null,
                    "init_value": 0,
                    "min": -1,
                    "max": 1,
                    "brute_step": null,
                    "stderr": 74.277390256916,
                    "correl": {
                        "fr": 0.7288818935898627,
                        "Ql": -0.2863706935046184,
                        "Qe": -0.30370566907010393,
                        "A": 0.37805992659944126,
                        "theta": -0.7950799249544882,
                        "phi_v": -0.004670990522187695,
                        "phi_0": 0.0044803775240883055
                    },
                    "value": -0.9990855485649265
                },
                "Qi": {
                    "name": "Qi",
                    "user_data": null,
                    "init_value": -340499.06943524553,
                    "min": -Infinity,
                    "max": Infinity,
                    "brute_step": null,
                    "stderr": 996.1457735031112,
                    "correl": null,
                    "value": 19740.748870229625
                },
                "Qc": {
                    "name": "Qc",
                    "user_data": null,
                    "init_value": 6742.555830400941,