{
    "fit_success": true,
    "Qi": {
        "__dtype__": "UFloat",
        "nominal_value": 20791.61678899886,
        "std_dev": 204.18402351154776
    },
    "Qe": {
        "__dtype__": "UFloat",
        "nominal_value": 3119.6441830214453,
        "std_dev": 6.887704781558346
    },
    "Ql": {
        "__dtype__": "UFloat",
        "nominal_value": 2747.8591505208046,
        "std_dev": 7.19973851388187
    },
    "Qc": {
        "__dtype__": "UFloat",
        "nominal_value": 3166.326858987421,
        "std_dev": 7.095376869628686
    },
    "fr": {
        "__dtype__": "UFloat",
        "nominal_value": 6008013472.347822,
        "std_dev": 2864.4813027872747
    },
    "fit_msg": "Summary\n$Q_I$: 20.79$\\pm$0.20 k\n$Q_C$: 3.1663$\\pm$0.0071 k\n$f_{res}$: 6.0080135$\\pm$2.9e-06 GHz",
    "fit_result": {
        "hanger_func_complex_SI": {
            "success": true,
            "message": "Fit succeeded.",
            "params": {
                "fr": {
                    "name": "fr",
                    "user_data": null,
                    "init_value": 6008173366.834171,
                    "min": 6003500000.0,
                    "max": 6013500000.0,
                    "brute_step": null,
                    "stderr": 2864.4813027872747,
                    "correl": {
                        "Ql": 3.0938670420508836e-05,
                        "Qe": 0.05197953143167242,
                        "A": 0.13307523341403396,
                        "theta": -0.8836170109170431,
                        "phi_v": 0.002712279460958519,
                        "phi_0": -0.0030374343057042712,
                        "alpha": -0.5849748328265786
                    },
                    "value": 6008013472.347822
                },
                "Ql": {
                    "name": "Ql",
                    "user_data": null,
                    "init_value": 2707.0131645531865,
                    "min": 60.08173366834171,
                    "max": 119562.65000120866,
                    "brute_step": null,
                    "stderr": 7.19973851388187,
                    "correl": {
                        "fr": 3.0938670420508836e-05,
                        "Qe": 0.8836050908735981,
                        "A": -0.6332935384911859,
                        "theta": 0.05193319537619681,
                        "phi_v": 0.5849912103563765,
                        "phi_0": -0.5850083975641269,
                        "alpha": 0.005459396592442494
                    },
                    "value": 2747.8591505208046
                },
                "Qe": {
                    "name": "Qe",
                    "user_data": null,
                    "init_value": 2653.408943472925,
                    "min": 0,
                    "max": Infinity,
                    "brute_step": null,
                    "stderr": 6.887704781558346,
                    "correl": {
                        "fr": 0.05197953143167242,
                        "Ql": 0.8836050908735981,
                        "A": -0.5754604536819243,
                        "theta": -1.3159713851123636e-05,
                        "phi_v": 0.7109547589704717,
                        "phi_0": -0.7109944571943898,
                        "alpha": -0.055890813578712346
                    },
                    "value": 3119.6441830214453
                },
                "A": {
                    "name": "A",
                    "user_data": null,
                    "init_value": 0.009085832372119967,
                    "min": 0,
                    "max": Infinity,
                    "brute_step": null,
                    "stderr": 7.380809619806849e-06,
                    "correl": {
                        "fr": 0.13307523341403396,
                        "Ql": -0.6332935384911859,
                        "Qe": -0.5754604536819243,
                        "theta": -0.19823389039302403,
                        "phi_v": -0.386058372637539,
                        "phi_0": 0.38602412251472934,
                        "alpha": -0.17261193093431337
                    },
                    "value": 0.011182353469205264
                },
                "theta": {
                    "name": "theta",
                    "user_data": null,
                    "init_value": 0,
                    "min": -1.5707963267948966,
                    "max": 1.5707963267948966,
                    "brute_step": null,
                    "stderr": 0.0022079438038569797,
                    "correl": {
                        "fr": -0.8836170109170431,
                        "Ql": 0.05193319537619681,
                        "Qe": -1.3159713851123636e-05,
                        "A": -0.19823389039302403,
                        "phi_v": 0.059165259478661775,
                        "phi_0": -0.05886240254255597,
                        "alpha": 0.7112123546364102
                    },
                    "value": 0.1719293531769066
                },
                "phi_v": {
                    "name": "phi_v",
                    "user_data": null,
                    "init_value": -2.004101795876822e-07,
                    "min": -Infinity,
                    "max": Infinity,
                    "brute_step": null,
                    "stderr": 2.1841158936393895e-10,
                    "correl": {
                        "fr": 0.002712279460958519,
                        "Ql": 0.5849912103563765,
                        "Qe": 0.7109547589704717,
                        "A": -0.386058372637539,
                        "theta": 0.059165259478661775,
                        "phi_0": -0.9999998748414207,
                        "alpha": 0.004424741575467376
                    },
                    "value": -7.067631316654382e-08
                },
                "phi_0": {
                    "name": "phi_0",
                    "user_data": null,
                    "init_value": 1200.877746230281,
                    "min": -Infinity,
                    "max": Infinity,
                    "brute_step": null,
                    "stderr": 1.312333060003757,
                    "correl": {
                        "fr": -0.0030374343057042712,
                        "Ql": -0.5850083975641269,
                        "Qe": -0.7109944571943898,
                        "A": 0.38602412251472934,
                        "theta": -0.05886240254255597,
                        "phi_v": -0.9999998748414207,
                        "alpha": -0.0042187652354135
                    },
                    "value": 422.2236620196693
                },
                "alpha": {
                    "name": "alpha",
                    "user_data": null,
                    "init_value": 0,
                    "min": -1,
                    "max": 1,
                    "brute_step": null,
                    "stderr": 1.304406398649844,
                    "correl": {
                        "fr": -0.5849748328265786,
                        "Ql": 0.005459396592442494,
                        "Qe": -0.055890813578712346,
                        "A": -0.17261193093431337,
                        "theta": 0.7112123546364102,
                        "phi_v": 0.004424741575467376,
                        "phi_0": -0.0042187652354135
                    },
                    "value": -0.8719813638682661
                },
                "Qi": {
                    "name": "Qi",
                    "user_data": null,
                    "init_value": -133997.1516453821,
                    "min": -Infinity,
                    "max": Infinity,
                    "brute_step": null,
                    "stderr": 204.18402351154776,
                    "correl": null,
                    "value": 20791.61678899886
                },
                "Qc": {
                    "name": "Qc",
                    "user_data": null,
                    "init_value": 2653.408943472925,