{
    "amplitude": {
        "__dtype__": "UFloat",
        "nominal_value": 195683.79131678597,
        "std_dev": 17620.768780672337
    },
    "frequency": {
        "__dtype__": "UFloat",
        "nominal_value": 9.217261117433956,
        "std_dev": 0.5272412489113903
    },
    "shift": {
        "__dtype__": "UFloat",
        "nominal_value": 0.706364416447359,
        "std_dev": 0.09527673622541968
    },
    "offset": {
        "__dtype__": "UFloat",
        "nominal_value": 5913740000.0,
        "std_dev": 30228.75746338854
    },
    "offset_0": {
        "__dtype__": "UFloat",
        "nominal_value": 0.0937840318652263,
        "std_dev": 0.011645929902081251
    },
    "freq_0": 5913935683.791317,
    "fit_success": true,
    "fit_msg": "Summary:\nf_0: 5.9139 GHz\noffset_0: 94$\\pm$12 mV\n",
    "fit_result": {
        "sin": {
            "success": true,
            "message": "Fit succeeded.",
            "params": {
                "amplitude": {
                    "name": "amplitude",
                    "user_data": null,
                    "init_value": 194706.81845049906,
                    "min": 0,
                    "max": Infinity,
                    "brute_step": null,
                    "stderr": 17620.768780672337,
                    "correl": {
                        "frequency": 0.021547397290262373,
                        "shift": 0.07646516443588469
                    },
                    "value": 195683.79131678597
                },
                "frequency": {
                    "name": "frequency",
                    "user_data": null,
                    "init_value": 10.053096491487338,
                    "min": 0,
                    "max": Infinity,
                    "brute_step": null,
                    "stderr": 0.5272412489113903,
                    "correl": {
                        "amplitude": 0.021547397290262373,
                        "shift": -0.286830159865261
                    },
                    "value": 9.217261117433956
                },
                "shift": {
                    "name": "shift",
                    "user_data": null,
                    "init_value": 0.5711986642890533,
                    "min": -6.283195307179586,
                    "max": 6.283195307179586,
                    "brute_step": null,
                    "stderr": 0.09527673622541968,
                    "correl": {
                        "amplitude": 0.07646516443588469,
                        "frequency": -0.286830159865261
                    },
                    "value": 0.706364416447359
                },
                "offset": {
                    "name": "offset",
                    "user_data": null,
                    "init_value": 5913740000.0,
                    "min": -Infinity,
                    "max": Infinity,
                    "brute_step": null,
                    "stderr": 30228.75746338854,
                    "correl": null,
                    "value": 5913740000.0
                }
            }
        }
    }
}