{
    "fit_success": true,
    "Qi": {
        "__dtype__": "UFloat",
        "nominal_value": 19802.289864820323,
        "std_dev": 467.6303353622332
    },
    "Qe": {
        "__dtype__": "UFloat",
        "nominal_value": 2312.401901338157,
        "std_dev": 9.594344410990399
    },
    "Ql": {
        "__dtype__": "UFloat",
        "nominal_value": 2637.205871841157,
        "std_dev": 12.762581904521685
    },
    "Qc": {
        "__dtype__": "UFloat",
        "nominal_value": 3042.3804001637764,
        "std_dev": 16.604004161838546
    },
    "fr": {
        "__dtype__": "UFloat",
        "nominal_value": 5837609019.886228,
        "std_dev": 5356.226296817503
    },
    "fit_msg": "Summary\n$Q_I$: 19.80$\\pm$0.47 k\n$Q_C$: 3.042$\\pm$0.017 k\n$f_{res}$: 5.8376090$\\pm$5.4e-06 GHz",
    "fit_result": {
        "hanger_func_complex_SI": {
            "success": true,
            "message": "Fit succeeded.",
            "params": {
                "fr": {
                    "name": "fr",
                    "user_data": null,
                    "init_value": 5838473618.090452,
                    "min": 5833750000.0,
                    "max": 5843750000.0,
                    "brute_step": null,
                    "stderr": 5356.226296817503,
                    "correl": {
                        "Ql": 0.00038994849686323446,
                        "Qe": 0.21338300376520045,
                        "A": 0.4042754045963644,
                        "theta": -0.8497326316721903,
                        "phi_v": -0.16674047686124865,
                        "phi_0": 0.16643194398432273,
                        "alpha": 0.5693523184488168
                    },
                    "value": 5837609019.886228
                },
                "Ql": {
                    "name": "Ql",
                    "user_data": null,
                    "init_value": 2630.554076936566,
                    "min": 58.384736180904525,
                    "max": 116185.62500117451,
                    "brute_step": null,
                    "stderr": 12.762581904521685,
                    "correl": {
                        "fr": 0.00038994849686323446,
                        "Qe": 0.8497667753405016,
                        "A": -0.5265181145879788,
                        "theta": 0.21268145079683082,
                        "phi_v": 0.5685980748703944,
                        "phi_0": -0.5687360687547702,
                        "alpha": 0.1648269081152343
                    },
                    "value": 2637.205871841157
                },
                "Qe": {
                    "name": "Qe",
                    "user_data": null,
                    "init_value": 2578.463897195248,
                    "min": 0,
                    "max": Infinity,
                    "brute_step": null,
                    "stderr": 9.594344410990399,
                    "correl": {
                        "fr": 0.21338300376520045,
                        "Ql": 0.8497667753405016,
                        "A": -0.29033462324150244,
                        "theta": -0.0003128283623626234,
                        "phi_v": 0.6009224539043921,
                        "phi_0": -0.6011531346378144,
                        "alpha": 0.3949991114487486
                    },
                    "value": 2312.401901338157
                },
                "A": {
                    "name": "A",
                    "user_data": null,
                    "init_value": 0.006773082484441901,
                    "min": 0,
                    "max": Infinity,
                    "brute_step": null,
                    "stderr": 1.3097517977796638e-05,
                    "correl": {
                        "fr": 0.4042754045963644,
                        "Ql": -0.5265181145879788,
                        "Qe": -0.29033462324150244,
                        "theta": -0.5826308786052993,
                        "phi_v": -0.38098714586899257,
                        "phi_0": 0.3809320780312677,
                        "alpha": 0.2612761108309053
                    },
                    "value": 0.00813117587812573
                },
                "theta": {
                    "name": "theta",
                    "user_data": null,
                    "init_value": 0,
                    "min": -1.5707963267948966,
                    "max": 1.5707963267948966,
                    "brute_step": null,
                    "stderr": 0.004148272909926853,
                    "correl": {
                        "fr": -0.8497326316721903,
                        "Ql": 0.21268145079683082,
                        "Qe": -0.0003128283623626234,
                        "A": -0.5826308786052993,
                        "phi_v": 0.39717368617193977,
                        "phi_0": -0.39695783856199574,
                        "alpha": -0.6026049436548564
                    },
                    "value": 0.7073857015797178
                },
                "phi_v": {
                    "name": "phi_v",
                    "user_data": null,
                    "init_value": -1.9210221616990478e-07,
                    "min": -Infinity,
                    "max": Infinity,
                    "brute_step": null,
                    "stderr": 5.226334217902276e-10,
                    "correl": {
                        "fr": -0.16674047686124865,
                        "Ql": 0.5685980748703944,
                        "Qe": 0.6009224539043921,
                        "A": -0.38098714586899257,
                        "theta": 0.39717368617193977,
                        "phi_0": -0.9999998672336791,
                        "alpha": -0.004122281919642627
                    },
                    "value": -7.416621952994851e-08
                },
                "phi_0": {
                    "name": "phi_0",
                    "user_data": null,
                    "init_value": 1117.9040310767766,
                    "min": -Infinity,
                    "max": Infinity,
                    "brute_step": null,
                    "stderr": 3.0513502667710206,
                    "correl": {
                        "fr": 0.16643194398432273,
                        "Ql": -0.5687360687547702,
                        "Qe": -0.6011531346378144,
                        "A": 0.3809320780312677,
                        "theta": -0.39695783856199574,
                        "phi_v": -0.9999998672336791,
                        "alpha": 0.00390742643631516
                    },
                    "value": 430.1538805743664
                },
                "alpha": {
                    "name": "alpha",
                    "user_data": null,
                    "init_value": 0,
                    "min": -1,
                    "max": 1,
                    "brute_step": null,
                    "stderr": 3.8270543549249525,
                    "correl": {
                        "fr": 0.5693523184488168,
                        "Ql": 0.1648269081152343,
                        "Qe": 0.3949991114487486,
                        "A": 0.2612761108309053,
                        "theta": -0.6026049436548564,
                        "phi_v": -0.004122281919642627,
                        "phi_0": 0.00390742643631516
                    },
                    "value": 0.999842521519962
                },
                "Qi": {
                    "name": "Qi",
                    "user_data": null,
                    "init_value": -130212.42680836061,
                    "min": -Infinity,
                    "max": Infinity,
                    "brute_step": null,
                    "stderr": 467.6303353622332,
                    "correl": null,
                    "value": 19802.289864820323
                },
                "Qc": {
                    "name": "Qc",
                    "user_data": null,
                    "init_value": 2578.463897195248,