{
    "fit_success": true,
    "T1": {
        "__dtype__": "UFloat",
        "nominal_value": 9.588417240413705e-06,
        "std_dev": 5.110049906676309e-07
    },
    "fit_msg": "Summary\n$T1$: 9.59$\\pm$0.51 \u03bcs\namplitude: 360.2$\\pm$9.0 \u03bcV\noffset: 582.4$\\pm$3.8 \u03bcV",
    "fit_result": {
        "exp_decay_func": {
            "success": true,
            "message": "Fit succeeded.",
            "params": {
                "tau": {
                    "name": "tau",
                    "user_data": null,
                    "init_value": 2.524e-05,
                    "min": 0,
                    "max": Infinity,
                    "brute_step": null,
                    "stderr": 5.110049906676309e-07,
                    "correl": {
                        "amplitude": -0.39307323886871565,
                        "offset": -0.7298661556200735
                    },
                    "value": 9.588417240413705e-06
                },
                "amplitude": {
                    "name": "amplitude",
                    "user_data": null,
                    "init_value": 0.0003677371483700268,
                    "min": -Infinity,
                    "max": Infinity,
                    "brute_step": null,
                    "stderr": 8.976443390304502e-06,
                    "correl": {
                        "tau": -0.39307323886871565,
                        "offset": -0.09606279157970371
                    },
                    "value": 0.000360205277498193
                },
                "offset": {
                    "name": "offset",
                    "user_data": null,
                    "init_value": 0.0005901494403456857,
                    "min": -Infinity,
                    "max": Infinity,
                    "brute_step": null,
                    "stderr": 3.8338511995450474e-06,
                    "correl": {
                        "tau": -0.7298661556200735,
                        "amplitude": -0.09606279157970371
                    },
                    "value": 0.0005823665469069124
                },
                "n_factor": {
                    "name": "n_factor",
                    "user_data": null,
                    "init_value": 1,
                    "min": -Infinity,
                    "max": Infinity,
                    "brute_step": null,
                    "stderr": 0.0,
                    "correl": null,
                    "value": 1
                }
            }
        }
    }
}