{
    "fit_success": true,
    "Qi": {
        "__dtype__": "UFloat",
        "nominal_value": 13936.084931741641,
        "std_dev": 237.52837666308145
    },
    "Qe": {
        "__dtype__": "UFloat",
        "nominal_value": 2526.492559968638,
        "std_dev": 11.157547032328369
    },
    "Ql": {
        "__dtype__": "UFloat",
        "nominal_value": 2691.769650556392,
        "std_dev": 13.733862016618694
    },
    "Qc": {
        "__dtype__": "UFloat",
        "nominal_value": 3336.150715162465,
        "std_dev": 19.450043035169333
    },
    "fr": {
        "__dtype__": "UFloat",
        "nominal_value": 5837623682.841547,
        "std_dev": 5532.532004173533
    },
    "fit_msg": "Summary\n$Q_I$: 13.94$\\pm$0.24 k\n$Q_C$: 3.336$\\pm$0.019 k\n$f_{res}$: 5.8376237$\\pm$5.5e-06 GHz",
    "fit_result": {
        "hanger_func_complex_SI": {
            "success": true,
            "message": "Fit succeeded.",
            "params": {
                "fr": {
                    "name": "fr",
                    "user_data": null,
                    "init_value": 5838423366.834171,
                    "min": 5833750000.0,
                    "max": 5843750000.0,
                    "brute_step": null,
                    "stderr": 5532.532004173533,
                    "correl": {
                        "Ql": 0.0003805134104242882,
                        "Qe": 0.20054987524756848,
                        "A": 0.4115529084107838,
                        "theta": -0.8541037703703479,
                        "phi_v": -0.17137887460592494,
                        "phi_0": 0.1710694477823636,
                        "alpha": 0.562766694036299
                    },
                    "value": 5837623682.841547
                },
                "Ql": {
                    "name": "Ql",
                    "user_data": null,
                    "init_value": 2630.5314359766635,
                    "min": 58.384233668341714,
                    "max": 116184.62500117451,
                    "brute_step": null,
                    "stderr": 13.733862016618694,
                    "correl": {
                        "fr": 0.0003805134104242882,
                        "Qe": 0.8541339262251776,
                        "A": -0.5194292284750979,
                        "theta": 0.19985583216295733,
                        "phi_v": 0.562041641817572,
                        "phi_0": -0.5621828968404327,
                        "alpha": 0.1696342444719402
                    },
                    "value": 2691.769650556392
                },
                "Qe": {
                    "name": "Qe",
                    "user_data": null,
                    "init_value": 2578.4417045711853,
                    "min": 0,
                    "max": Infinity,
                    "brute_step": null,
                    "stderr": 11.157547032328369,
                    "correl": {
                        "fr": 0.20054987524756848,
                        "Ql": 0.8541339262251776,
                        "A": -0.3045174001898346,
                        "theta": -0.00031456368973377976,
                        "phi_v": 0.5996381908893261,
                        "phi_0": -0.599870282572303,
                        "alpha": 0.39237357042921583
                    },
                    "value": 2526.492559968638
                },
                "A": {
                    "name": "A",
                    "user_data": null,
                    "init_value": 0.006614138141751514,
                    "min": 0,
                    "max": Infinity,
                    "brute_step": null,
                    "stderr": 1.2513831652687768e-05,
                    "correl": {
                        "fr": 0.4115529084107838,
                        "Ql": -0.5194292284750979,
                        "Qe": -0.3045174001898346,
                        "theta": -0.5862800977880861,
                        "phi_v": -0.3875772365081765,
                        "phi_0": 0.38751823124393586,
                        "alpha": 0.2707214033573048
                    },
                    "value": 0.00789357183092676
                },
                "theta": {
                    "name": "theta",
                    "user_data": null,
                    "init_value": 0,
                    "min": -1.5707963267948966,
                    "max": 1.5707963267948966,
                    "brute_step": null,
                    "stderr": 0.004415364891963313,
                    "correl": {
                        "fr": -0.8541037703703479,
                        "Ql": 0.19985583216295733,
                        "Qe": -0.00031456368973377976,
                        "A": -0.5862800977880861,
                        "phi_v": 0.39437457779248414,
                        "phi_0": -0.39414696045808795,
                        "alpha": -0.6012035467128437
                    },
                    "value": 0.7116157585816656
                },
                "phi_v": {
                    "name": "phi_v",
                    "user_data": null,
                    "init_value": -1.8634656354386265e-07,
                    "min": -Infinity,
                    "max": Infinity,
                    "brute_step": null,
                    "stderr": 5.105903551905065e-10,
                    "correl": {
                        "fr": -0.17137887460592494,
                        "Ql": 0.562041641817572,
                        "Qe": 0.5996381908893261,
                        "A": -0.3875772365081765,
                        "theta": 0.39437457779248414,
                        "phi_0": -0.9999998655542028,
                        "alpha": -0.003854040936708354
                    },
                    "value": -6.968593113275586e-08
                },
                "phi_0": {
                    "name": "phi_0",
                    "user_data": null,
                    "init_value": 1083.9736935114634,
                    "min": -Infinity,
                    "max": Infinity,
                    "brute_step": null,
                    "stderr": 2.9810633927773833,
                    "correl": {
                        "fr": 0.1710694477823636,
                        "Ql": -0.5621828968404327,
                        "Qe": -0.599870282572303,
                        "A": 0.38751823124393586,
                        "theta": -0.39414696045808795,
                        "phi_v": -0.9999998655542028,
                        "alpha": 0.0036324025960658996
                    },
                    "value": 403.64325440422334
                },
                "alpha": {
                    "name": "alpha",
                    "user_data": null,
                    "init_value": 0,
                    "min": -1,
                    "max": 1,
                    "brute_step": null,
                    "stderr": 3.2552679478243505,
                    "correl": {
                        "fr": 0.562766694036299,
                        "Ql": 0.1696342444719402,
                        "Qe": 0.39237357042921583,
                        "A": 0.2707214033573048,
                        "theta": -0.6012035467128437,
                        "phi_v": -0.003854040936708354,
                        "phi_0": 0.0036324025960658996
                    },
                    "value": 0.999892996586182
                },
                "Qi": {
                    "name": "Qi",
                    "user_data": null,
                    "init_value": -130211.3060808455,
                    "min": -Infinity,
                    "max": Infinity,
                    "brute_step": null,
                    "stderr": 237.52837666308145,
                    "correl": null,
                    "value": 13936.084931741641
                },
                "Qc": {
                    "name": "Qc",
                    "user_data": null,
                    "init_value": 2578.4417045711853,