{
    "fit_success": true,
    "Qi": {
        "__dtype__": "UFloat",
        "nominal_value": 82381.60621981356,
        "std_dev": 77825.73335186952
    },
    "Qe": {
        "__dtype__": "UFloat",
        "nominal_value": 170752.07824313335,
        "std_dev": 116425.59276508284
    },
    "Ql": {
        "__dtype__": "UFloat",
        "nominal_value": 81820.302807434,
        "std_dev": 72828.80431986687
    },
    "Qc": {
        "__dtype__": "UFloat",
        "nominal_value": 12008635.290657641,
        "std_dev": 575878292.5348626
    },
    "fr": {
        "__dtype__": "UFloat",
        "nominal_value": 6001105999.008816,
        "std_dev": 32642.680534685165
    },
    "fit_msg": "Summary\n$Q_I$: 82$\\pm$78 k\n$Q_C$: 12.$\\pm$5.8e+02 M\n$f_{res}$: 6.001106$\\pm$3.3e-05 GHz",
    "fit_result": {
        "hanger_func_complex_SI": {
            "success": true,
            "message": "Fit succeeded.",
            "params": {
                "fr": {
                    "name": "fr",
                    "user_data": null,
                    "init_value": 6000522613.065327,
                    "min": 6000000000.0,
                    "max": 6002000000.0,
                    "brute_step": null,
                    "stderr": 32642.680534685165,
                    "correl": {
                        "Ql": 3.1533184596294906e-05,
                        "Qe": -0.021439756061350686,
                        "A": -0.2277209390019493,
                        "theta": -0.7531564343579634,
                        "phi_v": 0.255907570753215,
                        "phi_0": -0.2559100423616094,
                        "alpha": 0.04100103210296154
                    },
                    "value": 6001105999.008816
                },
                "Ql": {
                    "name": "Ql",
                    "user_data": null,
                    "init_value": 13517.830392167998,
                    "min": 300.0261306532663,
                    "max": 597052.0000173665,
                    "brute_step": null,
                    "stderr": 72828.80431986687,
                    "correl": {
                        "fr": 3.1533184596294906e-05,
                        "Qe": 0.7531503233253954,
                        "A": 0.02732425281134042,
                        "theta": -0.02146987414875774,
                        "phi_v": 0.04799928275455456,
                        "phi_0": -0.047974265350672826,
                        "alpha": -0.25711314934011764
                    },
                    "value": 81820.302807434
                },
                "Qe": {
                    "name": "Qe",
                    "user_data": null,
                    "init_value": 13250.150582422099,
                    "min": 0,
                    "max": Infinity,
                    "brute_step": null,
                    "stderr": 116425.59276508284,
                    "correl": {
                        "fr": -0.021439756061350686,
                        "Ql": 0.7531503233253954,
                        "A": 0.11315827172848114,
                        "theta": -1.1619742542927537e-06,
                        "phi_v": 0.05153737972552482,
                        "phi_0": -0.05150364451859952,
                        "alpha": -0.3671939787000465
                    },
                    "value": 170752.07824313335
                },
                "A": {
                    "name": "A",
                    "user_data": null,
                    "init_value": 0.006125543489314397,
                    "min": 0,
                    "max": Infinity,
                    "brute_step": null,
                    "stderr": 0.00025049177574631743,
                    "correl": {
                        "fr": -0.2277209390019493,
                        "Ql": 0.02732425281134042,
                        "Qe": 0.11315827172848114,
                        "theta": 0.30080363340215494,
                        "phi_v": 0.025154385750866235,
                        "phi_0": -0.02515107677477323,
                        "alpha": -0.16681623103604118
                    },
                    "value": 0.0049254153576414605
                },
                "theta": {
                    "name": "theta",
                    "user_data": null,
                    "init_value": 0,
                    "min": -1.5707963267948966,
                    "max": 1.5707963267948966,
                    "brute_step": null,
                    "stderr": 0.6818822654425993,
                    "correl": {
                        "fr": -0.7531564343579634,
                        "Ql": -0.02146987414875774,
                        "Qe": -1.1619742542927537e-06,
                        "A": 0.30080363340215494,
                        "phi_v": -0.3659251154546642,
                        "phi_0": 0.3659211939110408,
                        "alpha": -0.041548512447200876
                    },
                    "value": -1.5565767399313137
                },
                "phi_v": {
                    "name": "phi_v",
                    "user_data": null,
                    "init_value": -1.1265405278417679e-06,
                    "min": -Infinity,
                    "max": Infinity,
                    "brute_step": null,
                    "stderr": 8.746714345670247e-08,
                    "correl": {
                        "fr": 0.255907570753215,
                        "Ql": 0.04799928275455456,
                        "Qe": 0.05153737972552482,
                        "A": 0.025154385750866235,
                        "theta": -0.3659251154546642,
                        "phi_0": -0.9999999953640346,
                        "alpha": -0.027316604299625135
                    },
                    "value": -4.554483088679421e-07
                },
                "phi_0": {
                    "name": "phi_0",
                    "user_data": null,
                    "init_value": 6759.172363526975,
                    "min": -Infinity,
                    "max": Infinity,
                    "brute_step": null,
                    "stderr": 524.8911033875064,
                    "correl": {
                        "fr": -0.2559100423616094,
                        "Ql": -0.047974265350672826,
                        "Qe": -0.05150364451859952,
                        "A": -0.02515107677477323,
                        "theta": 0.3659211939110408,
                        "phi_v": -0.9999999953640346,
                        "alpha": 0.02730443163850789
                    },
                    "value": 2730.3152327921316
                },
                "alpha": {
                    "name": "alpha",
                    "user_data": null,
                    "init_value": 0,
                    "min": -1,
                    "max": 1,
                    "brute_step": null,
                    "stderr": 63.388619698463074,
                    "correl": {
                        "fr": 0.04100103210296154,
                        "Ql": -0.25711314934011764,
                        "Qe": -0.3671939787000465,
                        "A": -0.16681623103604118,
                        "theta": -0.041548512447200876,
                        "phi_v": -0.027316604299625135,
                        "phi_0": 0.02730443163850789
                    },
                    "value": 0.9994321563071185
                },
                "Qi": {
                    "name": "Qi",
                    "user_data": null,
                    "init_value": -669132.6044123155,
                    "min": -Infinity,
                    "max": Infinity,
                    "brute_step": null,
                    "stderr": 77825.73335186952,
                    "correl": null,
                    "value": 82381.60621981356
                },
                "Qc": {
                    "name": "Qc",
                    "user_data": null,
                    "init_value": 13250.150582422099,