{
    "fit_success": true,
    "T1": {
        "__dtype__": "UFloat",
        "nominal_value": 1.0141613038028297e-05,
        "std_dev": 5.83144755708412e-07
    },
    "fit_msg": "Summary\n$T1$: 10.14$\\pm$0.58 \u03bcs\namplitude: 361.4$\\pm$9.4 \u03bcV\noffset: 582.7$\\pm$4.3 \u03bcV",
    "fit_result": {
        "exp_decay_func": {
            "success": true,
            "message": "Fit succeeded.",
            "params": {
                "tau": {
                    "name": "tau",
                    "user_data": null,
                    "init_value": 2.524e-05,
                    "min": 0,
                    "max": Infinity,
                    "brute_step": null,
                    "stderr": 5.83144755708412e-07,
                    "correl": {
                        "amplitude": -0.3645785871699079,
                        "offset": -0.7513540669285605
                    },
                    "value": 1.0141613038028297e-05
                },
                "amplitude": {
                    "name": "amplitude",
                    "user_data": null,
                    "init_value": 0.00035986811821636167,
                    "min": -Infinity,
                    "max": Infinity,
                    "brute_step": null,
                    "stderr": 9.407099034667106e-06,
                    "correl": {
                        "tau": -0.3645785871699079,
                        "offset": -0.11045717156645865
                    },
                    "value": 0.000361354427303045
                },
                "offset": {
                    "name": "offset",
                    "user_data": null,
                    "init_value": 0.0005966623809519328,
                    "min": -Infinity,
                    "max": Infinity,
                    "brute_step": null,
                    "stderr": 4.32607402661084e-06,
                    "correl": {
                        "tau": -0.7513540669285605,
                        "amplitude": -0.11045717156645865
                    },
                    "value": 0.0005826961773213524
                },
                "n_factor": {
                    "name": "n_factor",
                    "user_data": null,
                    "init_value": 1,
                    "min": -Infinity,
                    "max": Infinity,
                    "brute_step": null,
                    "stderr": 0.0,
                    "correl": null,
                    "value": 1
                }
            }
        }
    }
}