{
    "fit_success": true,
    "Qi": {
        "__dtype__": "UFloat",
        "nominal_value": 14713.500061726547,
        "std_dev": 331.13252014144445
    },
    "Qe": {
        "__dtype__": "UFloat",
        "nominal_value": 4138.601819717596,
        "std_dev": 24.179727696674462
    },
    "Ql": {
        "__dtype__": "UFloat",
        "nominal_value": 3442.025503296016,
        "std_dev": 26.37764778152834
    },
    "Qc": {
        "__dtype__": "UFloat",
        "nominal_value": 4493.1337237798025,
        "std_dev": 28.49651658161396
    },
    "fr": {
        "__dtype__": "UFloat",
        "nominal_value": 5913495086.86135,
        "std_dev": 6582.53770272959
    },
    "fit_msg": "Summary\n$Q_I$: 14.71$\\pm$0.33 k\n$Q_C$: 4.493$\\pm$0.028 k\n$f_{res}$: 5.9134951$\\pm$6.6e-06 GHz",
    "fit_result": {
        "hanger_func_complex_SI": {
            "success": true,
            "message": "Fit succeeded.",
            "params": {
                "fr": {
                    "name": "fr",
                    "user_data": null,
                    "init_value": 5913839698.492462,
                    "min": 5901900000.0,
                    "max": 5925900000.0,
                    "brute_step": null,
                    "stderr": 6582.53770272959,
                    "correl": {
                        "Ql": 0.0002666438974504781,
                        "Qe": 0.028384437287095086,
                        "A": 0.13794250149258108,
                        "theta": -0.7843525505756948,
                        "phi_v": -0.11975747196774528,
                        "phi_0": 0.11936665845970268,
                        "alpha": 0.3369690286892122
                    },
                    "value": 5913495086.86135
                },
                "Ql": {
                    "name": "Ql",
                    "user_data": null,
                    "init_value": 1110.2127704076881,
                    "min": 24.640998743718594,
                    "max": 49035.58750026305,
                    "brute_step": null,
                    "stderr": 26.37764778152834,
                    "correl": {
                        "fr": 0.0002666438974504781,
                        "Qe": 0.7843913534177521,
                        "A": -0.32927125802862717,
                        "theta": 0.027834075848792418,
                        "phi_v": 0.3365798481240605,
                        "phi_0": -0.33673060156050205,
                        "alpha": 0.11889057736948212
                    },
                    "value": 3442.025503296016
                },
                "Qe": {
                    "name": "Qe",
                    "user_data": null,
                    "init_value": 1088.2283591124863,
                    "min": 0,
                    "max": Infinity,
                    "brute_step": null,
                    "stderr": 24.179727696674462,
                    "correl": {
                        "fr": 0.028384437287095086,
                        "Ql": 0.7843913534177521,
                        "A": -0.27470922633351774,
                        "theta": -0.00026670246868307624,
                        "phi_v": 0.4419958471672586,
                        "phi_0": -0.4422063724979342,
                        "alpha": 0.17945464602425631
                    },
                    "value": 4138.601819717596
                },
                "A": {
                    "name": "A",
                    "user_data": null,
                    "init_value": 0.009511645406601757,
                    "min": 0,
                    "max": Infinity,
                    "brute_step": null,
                    "stderr": 1.051925248362601e-05,
                    "correl": {
                        "fr": 0.13794250149258108,
                        "Ql": -0.32927125802862717,
                        "Qe": -0.27470922633351774,
                        "theta": -0.191486699863001,
                        "phi_v": -0.14430277191683905,
                        "phi_0": 0.14429972057305737,
                        "alpha": 0.027742916561772666
                    },
                    "value": 0.010119980721724708
                },
                "theta": {
                    "name": "theta",
                    "user_data": null,
                    "init_value": 0,
                    "min": -1.5707963267948966,
                    "max": 1.5707963267948966,
                    "brute_step": null,
                    "stderr": 0.005841644814636713,
                    "correl": {
                        "fr": -0.7843525505756948,
                        "Ql": 0.027834075848792418,
                        "Qe": -0.00026670246868307624,
                        "A": -0.191486699863001,
                        "phi_v": 0.18078097338532914,
                        "phi_0": -0.18045059097309404,
                        "alpha": -0.44258568210947447
                    },
                    "value": 0.3999133447501675
                },
                "phi_v": {
                    "name": "phi_v",
                    "user_data": null,
                    "init_value": -9.737076651848974e-08,
                    "min": -Infinity,
                    "max": Infinity,
                    "brute_step": null,
                    "stderr": 1.509721156322998e-10,
                    "correl": {
                        "fr": -0.11975747196774528,
                        "Ql": 0.3365798481240605,
                        "Qe": 0.4419958471672586,
                        "A": -0.14430277191683905,
                        "theta": 0.18078097338532914,
                        "phi_0": -0.9999993209509428,
                        "alpha": -0.003841216652077952
                    },
                    "value": -6.796160399237783e-08
                },
                "phi_0": {
                    "name": "phi_0",
                    "user_data": null,
                    "init_value": 573.1156920347902,
                    "min": -Infinity,
                    "max": Infinity,
                    "brute_step": null,
                    "stderr": 0.8928031657522686,
                    "correl": {
                        "fr": 0.11936665845970268,
                        "Ql": -0.33673060156050205,
                        "Qe": -0.4422063724979342,
                        "A": 0.14429972057305737,
                        "theta": -0.18045059097309404,
                        "phi_v": -0.9999993209509428,
                        "alpha": 0.00366196536844849
                    },
                    "value": 399.6050182929364
                },
                "alpha": {
                    "name": "alpha",
                    "user_data": null,
                    "init_value": 0,
                    "min": -1,
                    "max": 1,
                    "brute_step": null,
                    "stderr": 0.9601387093332422,
                    "correl": {
                        "fr": 0.3369690286892122,
                        "Ql": 0.11889057736948212,
                        "Qe": 0.17945464602425631,
                        "A": 0.027742916561772666,
                        "theta": -0.44258568210947447,
                        "phi_v": -0.003841216652077952,
                        "phi_0": 0.00366196536844849
                    },
                    "value": 0.9999832959781576
                },
                "Qi": {
                    "name": "Qi",
                    "user_data": null,
                    "init_value": -54955.53213518017,
                    "min": -Infinity,
                    "max": Infinity,
                    "brute_step": null,
                    "stderr": 331.13252014144445,
                    "correl": null,
                    "value": 14713.500061726547
                },
                "Qc": {
                    "name": "Qc",
                    "user_data": null,
                    "init_value": 1088.2283591124863,