{
    "amplitude": {
        "__dtype__": "UFloat",
        "nominal_value": 340996.75254435645,
        "std_dev": 18782.927874759065
    },
    "frequency": {
        "__dtype__": "UFloat",
        "nominal_value": 9.437539915522088,
        "std_dev": 0.31027225162518796
    },
    "shift": {
        "__dtype__": "UFloat",
        "nominal_value": 1.000676821855932,
        "std_dev": 0.05513818912019072
    },
    "offset": {
        "__dtype__": "UFloat",
        "nominal_value": 6106819999.999999,
        "std_dev": 49098.54037206874
    },
    "offset_0": {
        "__dtype__": "UFloat",
        "nominal_value": 0.060409758267753536,
        "std_dev": 0.006170772261661878
    },
    "freq_0": 6107160996.752543,
    "fit_success": true,
    "fit_msg": "Summary:\nf_0: 6.1072 GHz\noffset_0: 60.4$\\pm$6.2 mV\n",
    "fit_result": {
        "sin": {
            "success": true,
            "message": "Fit succeeded.",
            "params": {
                "amplitude": {
                    "name": "amplitude",
                    "user_data": null,
                    "init_value": 334204.4103152284,
                    "min": 0,
                    "max": Infinity,
                    "brute_step": null,
                    "stderr": 18782.927874759065,
                    "correl": {
                        "frequency": -0.14411892459009523,
                        "shift": 0.09476547688442442
                    },
                    "value": 340996.75254435645
                },
                "frequency": {
                    "name": "frequency",
                    "user_data": null,
                    "init_value": 10.053096491487338,
                    "min": 0,
                    "max": Infinity,
                    "brute_step": null,
                    "stderr": 0.31027225162518796,
                    "correl": {
                        "amplitude": -0.14411892459009523,
                        "shift": -0.27164997781407024
                    },
                    "value": 9.437539915522088
                },
                "shift": {
                    "name": "shift",
                    "user_data": null,
                    "init_value": 1.1423973285781066,
                    "min": -6.283195307179586,
                    "max": 6.283195307179586,
                    "brute_step": null,
                    "stderr": 0.05513818912019072,
                    "correl": {
                        "amplitude": 0.09476547688442442,
                        "frequency": -0.27164997781407024
                    },
                    "value": 1.000676821855932
                },
                "offset": {
                    "name": "offset",
                    "user_data": null,
                    "init_value": 6106819999.999999,
                    "min": -Infinity,
                    "max": Infinity,
                    "brute_step": null,
                    "stderr": 49098.54037206874,
                    "correl": null,
                    "value": 6106819999.999999
                }
            }
        }
    }
}