{
    "fit_success": true,
    "Qi": {
        "__dtype__": "UFloat",
        "nominal_value": 36171.397162871486,
        "std_dev": 49230.596568333356
    },
    "Qe": {
        "__dtype__": "UFloat",
        "nominal_value": 42269.711887371996,
        "std_dev": 36218.216872301266
    },
    "Ql": {
        "__dtype__": "UFloat",
        "nominal_value": 36136.21345362352,
        "std_dev": 42003.57535000195
    },
    "Qc": {
        "__dtype__": "UFloat",
        "nominal_value": 37150640.359750524,
        "std_dev": 27784784438.714115
    },
    "fr": {
        "__dtype__": "UFloat",
        "nominal_value": 5999070723.27723,
        "std_dev": 96485.77342573719
    },
    "fit_msg": "Summary\n$Q_I$: 36$\\pm$49 k\n$Q_C$: 37.$\\pm$2.8e+04 M\n$f_{res}$: 5.999071$\\pm$9.6e-05 GHz",
    "fit_result": {
        "hanger_func_complex_SI": {
            "success": true,
            "message": "Fit succeeded.",
            "params": {
                "fr": {
                    "name": "fr",
                    "user_data": null,
                    "init_value": 5999522613.065327,
                    "min": 5995000000.0,
                    "max": 6010000000.0,
                    "brute_step": null,
                    "stderr": 96485.77342573719,
                    "correl": {
                        "Ql": -0.002204231709674738,
                        "Qe": 0.015438014143693885,
                        "A": 0.1671687036879547,
                        "theta": -0.725524818667846,
                        "phi_v": -0.112696009270794,
                        "phi_0": 0.11266289806921757,
                        "alpha": 0.10652517375343303
                    },
                    "value": 5999070723.27723
                },
                "Ql": {
                    "name": "Ql",
                    "user_data": null,
                    "init_value": 1802.0770155372502,
                    "min": 39.99681742043552,
                    "max": 79593.66666747128,
                    "brute_step": null,
                    "stderr": 42003.57535000195,
                    "correl": {
                        "fr": -0.002204231709674738,
                        "Qe": 0.7254818109107175,
                        "A": 0.030882941714433138,
                        "theta": 0.0177935815811981,
                        "phi_v": 0.10291225228850005,
                        "phi_0": -0.10300751202012824,
                        "alpha": 0.10853099744376543
                    },
                    "value": 36136.21345362352
                },
                "Qe": {
                    "name": "Qe",
                    "user_data": null,
                    "init_value": 1766.392322160275,
                    "min": 0,
                    "max": Infinity,
                    "brute_step": null,
                    "stderr": 36218.216872301266,
                    "correl": {
                        "fr": 0.015438014143693885,
                        "Ql": 0.7254818109107175,
                        "A": 0.1409981268082597,
                        "theta": 0.0005552787028700818,
                        "phi_v": 0.13926670334071922,
                        "phi_0": -0.13940058420606005,
                        "alpha": 0.210882058230031
                    },
                    "value": 42269.711887371996
                },
                "A": {
                    "name": "A",
                    "user_data": null,
                    "init_value": 0.00844953371496898,
                    "min": 0,
                    "max": Infinity,
                    "brute_step": null,
                    "stderr": 0.00046187043613062133,
                    "correl": {
                        "fr": 0.1671687036879547,
                        "Ql": 0.030882941714433138,
                        "Qe": 0.1409981268082597,
                        "theta": -0.23329091880496922,
                        "phi_v": -0.03629398178906509,
                        "phi_0": 0.03628690567793332,
                        "alpha": 0.6208430639245218
                    },
                    "value": 0.0055685927398276824
                },
                "theta": {
                    "name": "theta",
                    "user_data": null,
                    "init_value": 0,
                    "min": -1.5707963267948966,
                    "max": 1.5707963267948966,
                    "brute_step": null,
                    "stderr": 0.8509488024505938,
                    "correl": {
                        "fr": -0.725524818667846,
                        "Ql": 0.0177935815811981,
                        "Qe": 0.0005552787028700818,
                        "A": -0.23329091880496922,
                        "phi_v": 0.21622986123935084,
                        "phi_0": -0.2162395755384866,
                        "alpha": -0.14674436069467445
                    },
                    "value": 1.5696585342670089
                },
                "phi_v": {
                    "name": "phi_v",
                    "user_data": null,
                    "init_value": -3.8464153115965907e-07,
                    "min": -Infinity,
                    "max": Infinity,
                    "brute_step": null,
                    "stderr": 1.5013936030522648e-08,
                    "correl": {
                        "fr": -0.112696009270794,
                        "Ql": 0.10291225228850005,
                        "Qe": 0.13926670334071922,
                        "A": -0.03629398178906509,
                        "theta": 0.21622986123935084,
                        "phi_0": -0.9999997394218695,
                        "alpha": -0.035524020959650814
                    },
                    "value": -5.914757443977468e-07
                },
                "phi_0": {
                    "name": "phi_0",
                    "user_data": null,
                    "init_value": 2307.480360624179,
                    "min": -Infinity,
                    "max": Infinity,
                    "brute_step": null,
                    "stderr": 90.12113447630175,
                    "correl": {
                        "fr": 0.11266289806921757,
                        "Ql": -0.10300751202012824,
                        "Qe": -0.13940058420606005,
                        "A": 0.03628690567793332,
                        "theta": -0.2162395755384866,
                        "phi_v": -0.9999997394218695,
                        "alpha": 0.03549642772127564
                    },
                    "value": 3547.4312436453947
                },
                "alpha": {
                    "name": "alpha",
                    "user_data": null,
                    "init_value": 0,
                    "min": -1,
                    "max": 1,
                    "brute_step": null,
                    "stderr": 104.64576301445729,
                    "correl": {
                        "fr": 0.10652517375343303,
                        "Ql": 0.10853099744376543,
                        "Qe": 0.210882058230031,
                        "A": 0.6208430639245218,
                        "theta": -0.14674436069467445,
                        "phi_v": -0.035524020959650814,
                        "phi_0": 0.03549642772127564
                    },
                    "value": -0.998010126561156
                },
                "Qi": {
                    "name": "Qi",
                    "user_data": null,
                    "init_value": -89202.81226909407,
                    "min": -Infinity,
                    "max": Infinity,
                    "brute_step": null,
                    "stderr": 49230.596568333356,
                    "correl": null,
                    "value": 36171.397162871486
                },
                "Qc": {
                    "name": "Qc",
                    "user_data": null,
                    "init_value": 1766.392322160275,