{
    "fit_success": true,
    "T1": {
        "__dtype__": "UFloat",
        "nominal_value": 9.834935772667919e-06,
        "std_dev": 4.534815227489287e-07
    },
    "fit_msg": "Summary\n$T1$: 9.83$\\pm$0.45 \u03bcs\namplitude: 368.6$\\pm$7.8 \u03bcV\noffset: 571.3$\\pm$3.5 \u03bcV",
    "fit_result": {
        "exp_decay_func": {
            "success": true,
            "message": "Fit succeeded.",
            "params": {
                "tau": {
                    "name": "tau",
                    "user_data": null,
                    "init_value": 2.524e-05,
                    "min": 0,
                    "max": Infinity,
                    "brute_step": null,
                    "stderr": 4.534815227489287e-07,
                    "correl": {
                        "amplitude": -0.380702498925019,
                        "offset": -0.739639301888412
                    },
                    "value": 9.834935772667919e-06
                },
                "amplitude": {
                    "name": "amplitude",
                    "user_data": null,
                    "init_value": 0.000386121885706206,
                    "min": -Infinity,
                    "max": Infinity,
                    "brute_step": null,
                    "stderr": 7.834209102606158e-06,
                    "correl": {
                        "tau": -0.380702498925019,
                        "offset": -0.10213720408732425
                    },
                    "value": 0.00036857761220519765
                },
                "offset": {
                    "name": "offset",
                    "user_data": null,
                    "init_value": 0.000572555681875583,
                    "min": -Infinity,
                    "max": Infinity,
                    "brute_step": null,
                    "stderr": 3.4582612629273023e-06,
                    "correl": {
                        "tau": -0.739639301888412,
                        "amplitude": -0.10213720408732425
                    },
                    "value": 0.0005713097021201767
                },
                "n_factor": {
                    "name": "n_factor",
                    "user_data": null,
                    "init_value": 1,
                    "min": -Infinity,
                    "max": Infinity,
                    "brute_step": null,
                    "stderr": 0.0,
                    "correl": null,
                    "value": 1
                }
            }
        }
    }
}