{
    "fit_success": true,
    "Qi": {
        "__dtype__": "UFloat",
        "nominal_value": 15165.321371676395,
        "std_dev": 298.30761823743046
    },
    "Qe": {
        "__dtype__": "UFloat",
        "nominal_value": 4148.405695791058,
        "std_dev": 21.434106441907577
    },
    "Ql": {
        "__dtype__": "UFloat",
        "nominal_value": 3494.5878816652403,
        "std_dev": 23.385432766479994
    },
    "Qc": {
        "__dtype__": "UFloat",
        "nominal_value": 4540.978365445354,
        "std_dev": 25.679678185339366
    },
    "fr": {
        "__dtype__": "UFloat",
        "nominal_value": 5913476402.850299,
        "std_dev": 5661.605088937266
    },
    "fit_msg": "Summary\n$Q_I$: 15.17$\\pm$0.30 k\n$Q_C$: 4.541$\\pm$0.026 k\n$f_{res}$: 5.9134764$\\pm$5.7e-06 GHz",
    "fit_result": {
        "hanger_func_complex_SI": {
            "success": true,
            "message": "Fit succeeded.",
            "params": {
                "fr": {
                    "name": "fr",
                    "user_data": null,
                    "init_value": 5913849748.743718,
                    "min": 5903900000.0,
                    "max": 5923900000.0,
                    "brute_step": null,
                    "stderr": 5661.605088937266,
                    "correl": {
                        "Ql": 0.00026324976964595934,
                        "Qe": 0.03580108913388748,
                        "A": 0.15767111537584663,
                        "theta": -0.7955854354339474,
                        "phi_v": -0.13102470231914504,
                        "phi_0": 0.13066842934007336,
                        "alpha": 0.3637140519092151
                    },
                    "value": 5913476402.850299
                },
                "Ql": {
                    "name": "Ql",
                    "user_data": null,
                    "init_value": 1332.2575885820554,
                    "min": 29.56924874371859,
                    "max": 58842.805000036475,
                    "brute_step": null,
                    "stderr": 23.385432766479994,
                    "correl": {
                        "fr": 0.00026324976964595934,
                        "Qe": 0.7956204324135205,
                        "A": -0.35821767071260385,
                        "theta": 0.0352620167903895,
                        "phi_v": 0.36326425950286617,
                        "phi_0": -0.36340596781610857,
                        "alpha": 0.13002201766156443
                    },
                    "value": 3494.5878816652403
                },
                "Qe": {
                    "name": "Qe",
                    "user_data": null,
                    "init_value": 1305.8762501942917,
                    "min": 0,
                    "max": Infinity,
                    "brute_step": null,
                    "stderr": 21.434106441907577,
                    "correl": {
                        "fr": 0.03580108913388748,
                        "Ql": 0.7956204324135205,
                        "A": -0.2973480985446331,
                        "theta": -0.00026045459943288763,
                        "phi_v": 0.47027758267995956,
                        "phi_0": -0.4704759344218808,
                        "alpha": 0.19939939964367728
                    },
                    "value": 4148.405695791058
                },
                "A": {
                    "name": "A",
                    "user_data": null,
                    "init_value": 0.009420754475829178,
                    "min": 0,
                    "max": Infinity,
                    "brute_step": null,
                    "stderr": 1.0101667818127562e-05,
                    "correl": {
                        "fr": 0.15767111537584663,
                        "Ql": -0.35821767071260385,
                        "Qe": -0.2973480985446331,
                        "theta": -0.218991939078273,
                        "phi_v": -0.16981412187943629,
                        "phi_0": 0.1698093688047252,
                        "alpha": 0.03627779983316661
                    },
                    "value": 0.010131925915739526
                },
                "theta": {
                    "name": "theta",
                    "user_data": null,
                    "init_value": 0,
                    "min": -1.5707963267948966,
                    "max": 1.5707963267948966,
                    "brute_step": null,
                    "stderr": 0.00516609654128213,
                    "correl": {
                        "fr": -0.7955854354339474,
                        "Ql": 0.0352620167903895,
                        "Qe": -0.00026045459943288763,
                        "A": -0.218991939078273,
                        "phi_v": 0.20086495687427694,
                        "phi_0": -0.20056419830327188,
                        "alpha": -0.4709670147501166
                    },
                    "value": 0.41887060841538526
                },
                "phi_v": {
                    "name": "phi_v",
                    "user_data": null,
                    "init_value": -1.1444397073105712e-07,
                    "min": -Infinity,
                    "max": Infinity,
                    "brute_step": null,
                    "stderr": 1.7364392789395227e-10,
                    "correl": {
                        "fr": -0.13102470231914504,
                        "Ql": 0.36326425950286617,
                        "Qe": 0.47027758267995956,
                        "A": -0.16981412187943629,
                        "theta": 0.20086495687427694,
                        "phi_0": -0.9999995274546087,
                        "alpha": -0.00384547692027827
                    },
                    "value": -6.797081432172264e-08
                },
                "phi_0": {
                    "name": "phi_0",
                    "user_data": null,
                    "init_value": 673.9719457027281,
                    "min": -Infinity,
                    "max": Infinity,
                    "brute_step": null,
                    "stderr": 1.0268765069878458,
                    "correl": {
                        "fr": 0.13066842934007336,
                        "Ql": -0.36340596781610857,
                        "Qe": -0.4704759344218808,
                        "A": 0.1698093688047252,
                        "theta": -0.20056419830327188,
                        "phi_v": -0.9999995274546087,
                        "alpha": 0.003669423576413705
                    },
                    "value": 399.6757577655885
                },
                "alpha": {
                    "name": "alpha",
                    "user_data": null,
                    "init_value": 0,
                    "min": -1,
                    "max": 1,
                    "brute_step": null,
                    "stderr": 1.1403796182556807,
                    "correl": {
                        "fr": 0.3637140519092151,
                        "Ql": 0.13002201766156443,
                        "Qe": 0.19939939964367728,
                        "A": 0.03627779983316661,
                        "theta": -0.4709670147501166,
                        "phi_v": -0.00384547692027827,
                        "phi_0": 0.003669423576413705
                    },
                    "value": 0.9999821322514131
                },
                "Qi": {
                    "name": "Qi",
                    "user_data": null,
                    "init_value": -65946.7506348114,
                    "min": -Infinity,
                    "max": Infinity,
                    "brute_step": null,
                    "stderr": 298.30761823743046,
                    "correl": null,
                    "value": 15165.321371676395
                },
                "Qc": {
                    "name": "Qc",
                    "user_data": null,
                    "init_value": 1305.8762501942917,