{
    "amplitude": {
        "__dtype__": "UFloat",
        "nominal_value": 933144.332445201,
        "std_dev": 19491.21288020673
    },
    "frequency": {
        "__dtype__": "UFloat",
        "nominal_value": 10.358076708542443,
        "std_dev": 0.11628427375659157
    },
    "shift": {
        "__dtype__": "UFloat",
        "nominal_value": 0.6758845625429197,
        "std_dev": 0.02137526971430609
    },
    "offset": {
        "__dtype__": "UFloat",
        "nominal_value": 5719513333.333334,
        "std_dev": 132168.2429498322
    },
    "offset_0": {
        "__dtype__": "UFloat",
        "nominal_value": 0.08639748376394348,
        "std_dev": 0.002280209812964286
    },
    "freq_0": 5720446477.665779,
    "fit_success": true,
    "fit_msg": "Summary:\nf_0: 5.7204 GHz\noffset_0: 86.4$\\pm$2.3 mV\n",
    "fit_result": {
        "sin": {
            "success": true,
            "message": "Fit succeeded.",
            "params": {
                "amplitude": {
                    "name": "amplitude",
                    "user_data": null,
                    "init_value": 928821.0939764162,
                    "min": 0,
                    "max": Infinity,
                    "brute_step": null,
                    "stderr": 19491.21288020673,
                    "correl": {
                        "frequency": 0.06402112618272263,
                        "shift": -0.043764201648407844
                    },
                    "value": 933144.332445201
                },
                "frequency": {
                    "name": "frequency",
                    "user_data": null,
                    "init_value": 10.053096491487338,
                    "min": 0,
                    "max": Infinity,
                    "brute_step": null,
                    "stderr": 0.11628427375659157,
                    "correl": {
                        "amplitude": 0.06402112618272263,
                        "shift": -0.2473213606429737
                    },
                    "value": 10.358076708542443
                },
                "shift": {
                    "name": "shift",
                    "user_data": null,
                    "init_value": 0.5711986642890533,
                    "min": -6.283195307179586,
                    "max": 6.283195307179586,
                    "brute_step": null,
                    "stderr": 0.02137526971430609,
                    "correl": {
                        "amplitude": -0.043764201648407844,
                        "frequency": -0.2473213606429737
                    },
                    "value": 0.6758845625429197
                },
                "offset": {
                    "name": "offset",
                    "user_data": null,
                    "init_value": 5719513333.333334,
                    "min": -Infinity,
                    "max": Infinity,
                    "brute_step": null,
                    "stderr": 132168.2429498322,
                    "correl": null,
                    "value": 5719513333.333334
                }
            }
        }
    }
}