{
    "fit_success": true,
    "T1": {
        "__dtype__": "UFloat",
        "nominal_value": 1.0494799238536245e-05,
        "std_dev": 4.4082135741923377e-07
    },
    "fit_msg": "Summary\n$T1$: 10.49$\\pm$0.44 \u03bcs\namplitude: 358.7$\\pm$6.7 \u03bcV\noffset: 584.1$\\pm$3.2 \u03bcV",
    "fit_result": {
        "exp_decay_func": {
            "success": true,
            "message": "Fit succeeded.",
            "params": {
                "tau": {
                    "name": "tau",
                    "user_data": null,
                    "init_value": 2.524e-05,
                    "min": 0,
                    "max": Infinity,
                    "brute_step": null,
                    "stderr": 4.4082135741923377e-07,
                    "correl": {
                        "amplitude": -0.34506338577803203,
                        "offset": -0.7641848415731817
                    },
                    "value": 1.0494799238536245e-05
                },
                "amplitude": {
                    "name": "amplitude",
                    "user_data": null,
                    "init_value": 0.0003397827275998485,
                    "min": -Infinity,
                    "max": Infinity,
                    "brute_step": null,
                    "stderr": 6.6813856541933886e-06,
                    "correl": {
                        "tau": -0.34506338577803203,
                        "offset": -0.12107033504310344
                    },
                    "value": 0.00035873783984047503
                },
                "offset": {
                    "name": "offset",
                    "user_data": null,
                    "init_value": 0.0005928241851790784,
                    "min": -Infinity,
                    "max": Infinity,
                    "brute_step": null,
                    "stderr": 3.219489638608064e-06,
                    "correl": {
                        "tau": -0.7641848415731817,
                        "amplitude": -0.12107033504310344
                    },
                    "value": 0.0005840903768941152
                },
                "n_factor": {
                    "name": "n_factor",
                    "user_data": null,
                    "init_value": 1,
                    "min": -Infinity,
                    "max": Infinity,
                    "brute_step": null,
                    "stderr": 0.0,
                    "correl": null,
                    "value": 1
                }
            }
        }
    }
}