{
    "fit_success": true,
    "T1": {
        "__dtype__": "UFloat",
        "nominal_value": 7.833126226097775e-06,
        "std_dev": 4.616501864921901e-07
    },
    "fit_msg": "Summary\n$T1$: 7.83$\\pm$0.46 \u03bcs\namplitude: 368$\\pm$11 \u03bcV\noffset: 583.1$\\pm$3.8 \u03bcV",
    "fit_result": {
        "exp_decay_func": {
            "success": true,
            "message": "Fit succeeded.",
            "params": {
                "tau": {
                    "name": "tau",
                    "user_data": null,
                    "init_value": 2.524e-05,
                    "min": 0,
                    "max": Infinity,
                    "brute_step": null,
                    "stderr": 4.616501864921901e-07,
                    "correl": {
                        "amplitude": -0.4675246784978907,
                        "offset": -0.6505629375188532
                    },
                    "value": 7.833126226097775e-06
                },
                "amplitude": {
                    "name": "amplitude",
                    "user_data": null,
                    "init_value": 0.00035097162471116154,
                    "min": -Infinity,
                    "max": Infinity,
                    "brute_step": null,
                    "stderr": 1.1156955993157678e-05,
                    "correl": {
                        "tau": -0.4675246784978907,
                        "offset": -0.06682833827637565
                    },
                    "value": 0.0003680060414180326
                },
                "offset": {
                    "name": "offset",
                    "user_data": null,
                    "init_value": 0.0005880823883745454,
                    "min": -Infinity,
                    "max": Infinity,
                    "brute_step": null,
                    "stderr": 3.757428008166982e-06,
                    "correl": {
                        "tau": -0.6505629375188532,
                        "amplitude": -0.06682833827637565
                    },
                    "value": 0.000583097467915979
                },
                "n_factor": {
                    "name": "n_factor",
                    "user_data": null,
                    "init_value": 1,
                    "min": -Infinity,
                    "max": Infinity,
                    "brute_step": null,
                    "stderr": 0.0,
                    "correl": null,
                    "value": 1
                }
            }
        }
    }
}